dgp_id,n_ref,n_new,d,X_dist,t_df,x_shift_type,concept_drift_type,n_nuisance,beta,mean_shift_count,eigen_shift_count,eigen_shift_mag,delta_x,delta_c,y_type,noise_sd,seed,mixture_degree,label,S_X,S_C,S_X_shift,S_C_shift,oracle_mean_shift,oracle_m0_mean_ref,oracle_m1_mean_ref,oracle_concept_signal_raw
0,1000,1000,10,normal,3,mean,none,10,"[1.0, 1.0, 1.0, 1.0, 1.0, 1.0, 1.0, 1.0]",4,4,1.5,0.5,0.0,regression,1.0,2026,2.0,covariate_only,1,0,mean,none,1.0050073243665827,-0.016419100560735533,2.041826443810672,0.0
1,1000,1000,10,normal,3,mean,none,10,"[1.0, 1.0, 1.0, 1.0, 1.0, 1.0, 1.0, 1.0]",4,4,1.5,1.0,0.0,regression,1.0,2028,2.0,covariate_only,1,0,mean,none,1.9886005816531518,-0.04567471198883965,4.009533087997146,0.0
2,1000,1000,10,normal,3,covariance,none,10,"[1.0, 1.0, 1.0, 1.0, 1.0, 1.0, 1.0, 1.0]",4,4,1.5,0.5,0.0,regression,1.0,2030,2.0,covariate_only,1,0,covariance,none,0.13200331242728167,-0.1066796175690307,-0.0336613496801808,0.0
3,1000,1000,10,normal,3,covariance,none,10,"[1.0, 1.0, 1.0, 1.0, 1.0, 1.0, 1.0, 1.0]",4,4,1.5,1.0,0.0,regression,1.0,2032,2.0,covariate_only,1,0,covariance,none,0.17942214263594947,-0.046399907532469586,-0.06043173630243105,0.0
4,1000,1000,10,normal,3,mixture,none,10,"[1.0, 1.0, 1.0, 1.0, 1.0, 1.0, 1.0, 1.0]",4,4,1.5,0.25,0.0,regression,1.0,2034,2.0,covariate_only,1,0,mixture,none,0.916707290793694,-0.16287722712238986,1.6574269100613739,0.0
5,1000,1000,10,normal,3,mixture,none,10,"[1.0, 1.0, 1.0, 1.0, 1.0, 1.0, 1.0, 1.0]",4,4,1.5,0.75,0.0,regression,1.0,2036,2.0,covariate_only,1,0,mixture,none,2.573487990945832,0.022247066938711212,4.594035093306509,0.0
6,1000,1000,10,normal,3,support,none,10,"[1.0, 1.0, 1.0, 1.0, 1.0, 1.0, 1.0, 1.0]",4,4,1.5,0.25,0.0,regression,1.0,2038,2.0,covariate_only,1,0,support,none,0.12115002215783766,0.04751853251158701,-0.007801424895291285,0.0
7,1000,1000,10,normal,3,support,none,10,"[1.0, 1.0, 1.0, 1.0, 1.0, 1.0, 1.0, 1.0]",4,4,1.5,0.75,0.0,regression,1.0,2040,2.0,covariate_only,1,0,support,none,0.12284166513908767,-0.006600203725496186,-0.02194658093410228,0.0
8,1000,1000,10,normal,3,eigenshift,none,10,"[1.0, 1.0, 1.0, 1.0, 1.0, 1.0, 1.0, 1.0]",4,4,1.5,0.25,0.0,regression,1.0,2042,2.0,covariate_only,1,0,eigenshift,none,0.16827709105850025,0.04289343650341635,-0.12247999844528248,0.0
9,1000,1000,10,normal,3,none,none,10,"[1.0, 1.0, 1.0, 1.0, 1.0, 1.0, 1.0, 1.0]",4,4,1.5,0.0,0.0,regression,1.0,2044,2.0,no_shift,0,0,none,none,0.1374162250278099,-0.023066656805818382,-0.05521438148526627,0.0
10,1000,1000,10,normal,3,mean,linear,10,"[1.0, 1.0, 1.0, 1.0, 1.0, 1.0, 1.0, 1.0]",4,4,1.5,0.5,0.5,regression,1.0,2046,2.0,mixed,1,1,mean,linear,1.0355218537937074,-0.03671921989393762,2.584293569778645,0.6986165949910719
11,1000,1000,10,normal,3,mean,linear,10,"[1.0, 1.0, 1.0, 1.0, 1.0, 1.0, 1.0, 1.0]",4,4,1.5,0.5,1.0,regression,1.0,2048,2.0,mixed,1,1,mean,linear,1.0391313986213122,-0.020722061063674885,3.129021952435913,1.4494822778356433
12,1000,1000,10,normal,3,mean,linear,10,"[1.0, 1.0, 1.0, 1.0, 1.0, 1.0, 1.0, 1.0]",4,4,1.5,1.0,0.5,regression,1.0,2050,2.0,mixed,1,1,mean,linear,2.0372385675879223,0.025737929590880265,4.983937213549467,1.0474706498438646
13,1000,1000,10,normal,3,mean,linear,10,"[1.0, 1.0, 1.0, 1.0, 1.0, 1.0, 1.0, 1.0]",4,4,1.5,1.0,1.0,regression,1.0,2052,2.0,mixed,1,1,mean,linear,2.0095267845426297,0.058368385962227966,6.001491724426701,2.087403008760488
14,1000,1000,10,normal,3,covariance,linear,10,"[1.0, 1.0, 1.0, 1.0, 1.0, 1.0, 1.0, 1.0]",4,4,1.5,0.5,0.5,regression,1.0,2054,2.0,mixed,1,1,covariance,linear,0.13268659561554716,-0.06292934580694814,0.06637298733191273,0.6891606768355245
15,1000,1000,10,normal,3,covariance,linear,10,"[1.0, 1.0, 1.0, 1.0, 1.0, 1.0, 1.0, 1.0]",4,4,1.5,0.5,1.0,regression,1.0,2056,2.0,mixed,1,1,covariance,linear,0.12610493393602057,-0.047106812408104035,0.15321767603639977,1.421210297915458
16,1000,1000,10,normal,3,covariance,linear,10,"[1.0, 1.0, 1.0, 1.0, 1.0, 1.0, 1.0, 1.0]",4,4,1.5,1.0,0.5,regression,1.0,2058,2.0,mixed,1,1,covariance,linear,0.1470896490855858,0.10895475956379841,-0.10181522166791254,0.7716701154755324
17,1000,1000,10,normal,3,covariance,linear,10,"[1.0, 1.0, 1.0, 1.0, 1.0, 1.0, 1.0, 1.0]",4,4,1.5,1.0,1.0,regression,1.0,2060,2.0,mixed,1,1,covariance,linear,0.11317547129973261,0.017707972045959336,0.12533229820029604,1.5245162722606445
18,1000,1000,10,normal,3,mixture,linear,10,"[1.0, 1.0, 1.0, 1.0, 1.0, 1.0, 1.0, 1.0]",4,4,1.5,0.25,0.5,regression,1.0,2062,2.0,mixed,1,1,mixture,linear,0.8400622212349599,0.19322046854396452,1.8832105033436295,0.9583712183520092
19,1000,1000,10,normal,3,mixture,linear,10,"[1.0, 1.0, 1.0, 1.0, 1.0, 1.0, 1.0, 1.0]",4,4,1.5,0.25,1.0,regression,1.0,2064,2.0,mixed,1,1,mixture,linear,0.7922652471926537,-0.034957800136772715,2.3021863101693003,1.7596661866987042
20,1000,1000,10,normal,3,mixture,linear,10,"[1.0, 1.0, 1.0, 1.0, 1.0, 1.0, 1.0, 1.0]",4,4,1.5,0.75,0.5,regression,1.0,2066,2.0,mixed,1,1,mixture,linear,2.667765995458193,-0.0009213062417251656,6.107261429008762,1.6538735149794956
21,1000,1000,10,normal,3,mixture,linear,10,"[1.0, 1.0, 1.0, 1.0, 1.0, 1.0, 1.0, 1.0]",4,4,1.5,0.75,1.0,regression,1.0,2068,2.0,mixed,1,1,mixture,linear,2.6311690468937043,-0.08277840497323156,7.556328272457395,3.344143470424731
22,1000,1000,10,normal,3,support,linear,10,"[1.0, 1.0, 1.0, 1.0, 1.0, 1.0, 1.0, 1.0]",4,4,1.5,0.25,0.5,regression,1.0,2070,2.0,mixed,1,1,support,linear,0.11382231579432224,0.10291965521488507,-0.10952167450784296,0.4443670170246123
23,1000,1000,10,normal,3,support,linear,10,"[1.0, 1.0, 1.0, 1.0, 1.0, 1.0, 1.0, 1.0]",4,4,1.5,0.25,1.0,regression,1.0,2072,2.0,mixed,1,1,support,linear,0.109981311206405,0.06430430636918501,0.014907875113201864,0.9085860545794304
24,1000,1000,10,normal,3,support,linear,10,"[1.0, 1.0, 1.0, 1.0, 1.0, 1.0, 1.0, 1.0]",4,4,1.5,0.75,0.5,regression,1.0,2074,2.0,mixed,1,1,support,linear,0.14248091333489812,0.08011963636996176,0.08967480156858318,0.5275976313494473
25,1000,1000,10,normal,3,support,linear,10,"[1.0, 1.0, 1.0, 1.0, 1.0, 1.0, 1.0, 1.0]",4,4,1.5,0.75,1.0,regression,1.0,2076,2.0,mixed,1,1,support,linear,0.09481049860918317,-0.08207940988695027,-0.012062642559235481,1.1096907236858529
26,1000,1000,10,normal,3,eigenshift,linear,10,"[1.0, 1.0, 1.0, 1.0, 1.0, 1.0, 1.0, 1.0]",4,4,1.5,0.25,0.5,regression,1.0,2078,2.0,mixed,1,1,eigenshift,linear,0.19719037874801332,-0.055699399258015404,-0.5345429439149929,0.7387581201996116
27,1000,1000,10,normal,3,eigenshift,linear,10,"[1.0, 1.0, 1.0, 1.0, 1.0, 1.0, 1.0, 1.0]",4,4,1.5,0.25,1.0,regression,1.0,2080,2.0,mixed,1,1,eigenshift,linear,0.1702395063628947,-0.06392100853642593,-0.06499156332553914,1.5799356944445604
28,1000,1000,10,normal,3,none,linear,10,"[1.0, 1.0, 1.0, 1.0, 1.0, 1.0, 1.0, 1.0]",4,4,1.5,0.0,0.5,regression,1.0,2082,2.0,concept_drift_only,0,1,none,linear,0.18646421666188337,-0.10871921706956768,0.0911286000231785,0.5738641547286232
29,1000,1000,10,normal,3,none,linear,10,"[1.0, 1.0, 1.0, 1.0, 1.0, 1.0, 1.0, 1.0]",4,4,1.5,0.0,1.0,regression,1.0,2084,2.0,concept_drift_only,0,1,none,linear,0.11604130371603011,-0.012741850617317236,-0.009116365119862198,1.127842165095501
30,1000,1000,10,normal,3,mean,nonlinear,10,"[1.0, 1.0, 1.0, 1.0, 1.0, 1.0, 1.0, 1.0]",4,4,1.5,0.5,0.25,regression,1.0,2086,2.0,mixed,1,1,mean,nonlinear,1.0225520095079694,0.03822167347717669,2.0437037334886616,0.11565067243337297
31,1000,1000,10,normal,3,mean,nonlinear,10,"[1.0, 1.0, 1.0, 1.0, 1.0, 1.0, 1.0, 1.0]",4,4,1.5,0.5,0.75,regression,1.0,2088,2.0,mixed,1,1,mean,nonlinear,0.9999755303025685,-0.08279580805268157,1.9545428420466615,0.3475459153905338
32,1000,1000,10,normal,3,mean,nonlinear,10,"[1.0, 1.0, 1.0, 1.0, 1.0, 1.0, 1.0, 1.0]",4,4,1.5,0.5,1.0,regression,1.0,2090,2.0,mixed,1,1,mean,nonlinear,1.0450526898688723,0.034224548253733944,2.1631366763067734,0.4461478606561848
33,1000,1000,10,normal,3,mean,nonlinear,10,"[1.0, 1.0, 1.0, 1.0, 1.0, 1.0, 1.0, 1.0]",4,4,1.5,1.0,0.25,regression,1.0,2092,2.0,mixed,1,1,mean,nonlinear,2.093039437574996,-0.08434862095006641,4.136995670121763,0.1348555614432247
34,1000,1000,10,normal,3,mean,nonlinear,10,"[1.0, 1.0, 1.0, 1.0, 1.0, 1.0, 1.0, 1.0]",4,4,1.5,1.0,0.75,regression,1.0,2094,2.0,mixed,1,1,mean,nonlinear,2.032738640210544,0.06588419020850457,4.194182000862997,0.3971065889789009
35,1000,1000,10,normal,3,mean,nonlinear,10,"[1.0, 1.0, 1.0, 1.0, 1.0, 1.0, 1.0, 1.0]",4,4,1.5,1.0,1.0,regression,1.0,2096,2.0,mixed,1,1,mean,nonlinear,2.031387908294443,-0.10034388061679575,4.241508952330527,0.5474495868624258
36,1000,1000,10,normal,3,covariance,nonlinear,10,"[1.0, 1.0, 1.0, 1.0, 1.0, 1.0, 1.0, 1.0]",4,4,1.5,0.5,0.25,regression,1.0,2098,2.0,mixed,1,1,covariance,nonlinear,0.1273051108948825,0.032266630351537554,0.02693422598552628,0.10058879868663848
37,1000,1000,10,normal,3,covariance,nonlinear,10,"[1.0, 1.0, 1.0, 1.0, 1.0, 1.0, 1.0, 1.0]",4,4,1.5,0.5,0.75,regression,1.0,2100,2.0,mixed,1,1,covariance,nonlinear,0.17932867240733003,0.01691149615093086,0.1512981247715402,0.30209965387511145
38,1000,1000,10,normal,3,covariance,nonlinear,10,"[1.0, 1.0, 1.0, 1.0, 1.0, 1.0, 1.0, 1.0]",4,4,1.5,0.5,1.0,regression,1.0,2102,2.0,mixed,1,1,covariance,nonlinear,0.11632366797792912,0.1039123036849602,0.08457856837538158,0.40029368340536114
39,1000,1000,10,normal,3,covariance,nonlinear,10,"[1.0, 1.0, 1.0, 1.0, 1.0, 1.0, 1.0, 1.0]",4,4,1.5,1.0,0.25,regression,1.0,2104,2.0,mixed,1,1,covariance,nonlinear,0.13326828674055838,-0.026307726000227016,0.05912579237666387,0.10152956338522887
40,1000,1000,10,normal,3,covariance,nonlinear,10,"[1.0, 1.0, 1.0, 1.0, 1.0, 1.0, 1.0, 1.0]",4,4,1.5,1.0,0.75,regression,1.0,2106,2.0,mixed,1,1,covariance,nonlinear,0.17046915477050742,0.1363114806552546,0.27466683651039314,0.3100946766956811
41,1000,1000,10,normal,3,covariance,nonlinear,10,"[1.0, 1.0, 1.0, 1.0, 1.0, 1.0, 1.0, 1.0]",4,4,1.5,1.0,1.0,regression,1.0,2108,2.0,mixed,1,1,covariance,nonlinear,0.1393235364021525,-0.10830167489838363,0.3416146386139825,0.40099021811829755
42,1000,1000,10,normal,3,mixture,nonlinear,10,"[1.0, 1.0, 1.0, 1.0, 1.0, 1.0, 1.0, 1.0]",4,4,1.5,0.25,0.25,regression,1.0,2110,2.0,mixed,1,1,mixture,nonlinear,0.8774397278776855,0.0029980693492641687,1.5007423561929532,0.11294961428134184
43,1000,1000,10,normal,3,mixture,nonlinear,10,"[1.0, 1.0, 1.0, 1.0, 1.0, 1.0, 1.0, 1.0]",4,4,1.5,0.25,0.75,regression,1.0,2112,2.0,mixed,1,1,mixture,nonlinear,0.9060878736765784,0.03214831499427776,1.5141019497208834,0.340201464219037
44,1000,1000,10,normal,3,mixture,nonlinear,10,"[1.0, 1.0, 1.0, 1.0, 1.0, 1.0, 1.0, 1.0]",4,4,1.5,0.25,1.0,regression,1.0,2114,2.0,mixed,1,1,mixture,nonlinear,0.8583934250616717,-0.011572799706904852,1.4450768967469385,0.46715365333826936
45,1000,1000,10,normal,3,mixture,nonlinear,10,"[1.0, 1.0, 1.0, 1.0, 1.0, 1.0, 1.0, 1.0]",4,4,1.5,0.75,0.25,regression,1.0,2116,2.0,mixed,1,1,mixture,nonlinear,2.630930453121488,-0.10079235429095823,4.544140310096146,0.1473901414738258
46,1000,1000,10,normal,3,mixture,nonlinear,10,"[1.0, 1.0, 1.0, 1.0, 1.0, 1.0, 1.0, 1.0]",4,4,1.5,0.75,0.75,regression,1.0,2118,2.0,mixed,1,1,mixture,nonlinear,2.6066975136041868,0.047316549106266405,4.55397607259743,0.4273704735098599
47,1000,1000,10,normal,3,mixture,nonlinear,10,"[1.0, 1.0, 1.0, 1.0, 1.0, 1.0, 1.0, 1.0]",4,4,1.5,0.75,1.0,regression,1.0,2120,2.0,mixed,1,1,mixture,nonlinear,2.6030970852435353,0.04515815705566647,4.578080055850678,0.5768656513922763
48,1000,1000,10,normal,3,support,nonlinear,10,"[1.0, 1.0, 1.0, 1.0, 1.0, 1.0, 1.0, 1.0]",4,4,1.5,0.25,0.25,regression,1.0,2122,2.0,mixed,1,1,support,nonlinear,0.11518579148894179,0.18826407228565756,-0.023344938317482515,0.10127696160700012
49,1000,1000,10,normal,3,support,nonlinear,10,"[1.0, 1.0, 1.0, 1.0, 1.0, 1.0, 1.0, 1.0]",4,4,1.5,0.25,0.75,regression,1.0,2124,2.0,mixed,1,1,support,nonlinear,0.07656562891925368,0.07183797055412408,-0.002037450534232839,0.29784009161134695
50,1000,1000,10,normal,3,support,nonlinear,10,"[1.0, 1.0, 1.0, 1.0, 1.0, 1.0, 1.0, 1.0]",4,4,1.5,0.25,1.0,regression,1.0,2126,2.0,mixed,1,1,support,nonlinear,0.14141507672500833,-0.007992516153747221,0.03428080251252484,0.3972482955371562
51,1000,1000,10,normal,3,support,nonlinear,10,"[1.0, 1.0, 1.0, 1.0, 1.0, 1.0, 1.0, 1.0]",4,4,1.5,0.75,0.25,regression,1.0,2128,2.0,mixed,1,1,support,nonlinear,0.1494090013429263,0.15209413126557184,-0.13566332747201598,0.10163734492598164
52,1000,1000,10,normal,3,support,nonlinear,10,"[1.0, 1.0, 1.0, 1.0, 1.0, 1.0, 1.0, 1.0]",4,4,1.5,0.75,0.75,regression,1.0,2130,2.0,mixed,1,1,support,nonlinear,0.17804759961278202,-0.1332405377741615,0.12930629333912355,0.3148856315399394
53,1000,1000,10,normal,3,support,nonlinear,10,"[1.0, 1.0, 1.0, 1.0, 1.0, 1.0, 1.0, 1.0]",4,4,1.5,0.75,1.0,regression,1.0,2132,2.0,mixed,1,1,support,nonlinear,0.1195129201995363,0.07075300399369781,-0.1857068824051458,0.42053805744772554
54,1000,1000,10,normal,3,eigenshift,nonlinear,10,"[1.0, 1.0, 1.0, 1.0, 1.0, 1.0, 1.0, 1.0]",4,4,1.5,0.25,0.25,regression,1.0,2134,2.0,mixed,1,1,eigenshift,nonlinear,0.1782273340764101,-0.18252140908105915,0.014748534652188809,0.12715452115772546
55,1000,1000,10,normal,3,eigenshift,nonlinear,10,"[1.0, 1.0, 1.0, 1.0, 1.0, 1.0, 1.0, 1.0]",4,4,1.5,0.25,0.75,regression,1.0,2136,2.0,mixed,1,1,eigenshift,nonlinear,0.2556235101953478,-0.07759822695442481,0.08682675721952102,0.36885452850865647
56,1000,1000,10,normal,3,eigenshift,nonlinear,10,"[1.0, 1.0, 1.0, 1.0, 1.0, 1.0, 1.0, 1.0]",4,4,1.5,0.25,1.0,regression,1.0,2138,2.0,mixed,1,1,eigenshift,nonlinear,0.135744364488043,-0.047906323262140976,-0.09441530652599756,0.5279753225383177
57,1000,1000,10,normal,3,none,nonlinear,10,"[1.0, 1.0, 1.0, 1.0, 1.0, 1.0, 1.0, 1.0]",4,4,1.5,0.0,0.25,regression,1.0,2140,2.0,concept_drift_only,0,1,none,nonlinear,0.10390853762998109,0.06823542391184566,-0.08452145480430265,0.106683634339806
58,1000,1000,10,normal,3,none,nonlinear,10,"[1.0, 1.0, 1.0, 1.0, 1.0, 1.0, 1.0, 1.0]",4,4,1.5,0.0,0.75,regression,1.0,2142,2.0,concept_drift_only,0,1,none,nonlinear,0.1648863617124057,-0.12361085521754493,-0.026582718513623562,0.29319213267043964
59,1000,1000,10,normal,3,none,nonlinear,10,"[1.0, 1.0, 1.0, 1.0, 1.0, 1.0, 1.0, 1.0]",4,4,1.5,0.0,1.0,regression,1.0,2144,2.0,concept_drift_only,0,1,none,nonlinear,0.14935261229694233,-0.013938435378698575,0.02223387966903837,0.42026596439178887
60,1000,1000,10,normal,3,mean,cubic,10,"[1.0, 1.0, 1.0, 1.0, 1.0, 1.0, 1.0, 1.0]",4,4,1.5,0.5,0.5,regression,1.0,2146,2.0,mixed,1,1,mean,cubic,1.0201961692547423,-0.01890177874253665,4.2450831615484175,2.6489951335747346
61,1000,1000,10,normal,3,mean,cubic,10,"[1.0, 1.0, 1.0, 1.0, 1.0, 1.0, 1.0, 1.0]",4,4,1.5,0.5,1.0,regression,1.0,2148,2.0,mixed,1,1,mean,cubic,0.9928144830159434,0.06222378745148977,6.854970065543082,5.4073135072286025
62,1000,1000,10,normal,3,mean,cubic,10,"[1.0, 1.0, 1.0, 1.0, 1.0, 1.0, 1.0, 1.0]",4,4,1.5,1.0,0.5,regression,1.0,2150,2.0,mixed,1,1,mean,cubic,2.0016623755639906,-0.0008676538010780917,8.902786308242712,5.016048238413268
63,1000,1000,10,normal,3,mean,cubic,10,"[1.0, 1.0, 1.0, 1.0, 1.0, 1.0, 1.0, 1.0]",4,4,1.5,1.0,1.0,regression,1.0,2152,2.0,mixed,1,1,mean,cubic,2.003607397489324,0.13753803366616543,14.625785264806343,10.696055252804792
64,1000,1000,10,normal,3,covariance,cubic,10,"[1.0, 1.0, 1.0, 1.0, 1.0, 1.0, 1.0, 1.0]",4,4,1.5,0.5,0.5,regression,1.0,2154,2.0,mixed,1,1,covariance,cubic,0.17137737746137663,-0.08941764671051683,0.23343848812394208,1.626950469756251
65,1000,1000,10,normal,3,covariance,cubic,10,"[1.0, 1.0, 1.0, 1.0, 1.0, 1.0, 1.0, 1.0]",4,4,1.5,0.5,1.0,regression,1.0,2156,2.0,mixed,1,1,covariance,cubic,0.14920164798276803,-0.03274187971874264,0.8990714024234651,2.99133469176366
66,1000,1000,10,normal,3,covariance,cubic,10,"[1.0, 1.0, 1.0, 1.0, 1.0, 1.0, 1.0, 1.0]",4,4,1.5,1.0,0.5,regression,1.0,2158,2.0,mixed,1,1,covariance,cubic,0.15734130252902842,0.1330986670053444,0.3135285178875512,1.6597393712628241
67,1000,1000,10,normal,3,covariance,cubic,10,"[1.0, 1.0, 1.0, 1.0, 1.0, 1.0, 1.0, 1.0]",4,4,1.5,1.0,1.0,regression,1.0,2160,2.0,mixed,1,1,covariance,cubic,0.13492527008491764,-0.02732881412511723,0.8794506730930683,3.11959230559594
68,1000,1000,10,normal,3,mixture,cubic,10,"[1.0, 1.0, 1.0, 1.0, 1.0, 1.0, 1.0, 1.0]",4,4,1.5,0.25,0.5,regression,1.0,2162,2.0,mixed,1,1,mixture,cubic,0.8933509482810204,0.059559021801996036,6.533572826433212,5.712549964582682
69,1000,1000,10,normal,3,mixture,cubic,10,"[1.0, 1.0, 1.0, 1.0, 1.0, 1.0, 1.0, 1.0]",4,4,1.5,0.25,1.0,regression,1.0,2164,2.0,mixed,1,1,mixture,cubic,0.7806359930554975,0.17127010672808557,10.498554269458676,10.984908499134654
70,1000,1000,10,normal,3,mixture,cubic,10,"[1.0, 1.0, 1.0, 1.0, 1.0, 1.0, 1.0, 1.0]",4,4,1.5,0.75,0.5,regression,1.0,2166,2.0,mixed,1,1,mixture,cubic,2.5923899571734808,0.05226050609348137,16.667364489130843,12.547169959247983
71,1000,1000,10,normal,3,mixture,cubic,10,"[1.0, 1.0, 1.0, 1.0, 1.0, 1.0, 1.0, 1.0]",4,4,1.5,0.75,1.0,regression,1.0,2168,2.0,mixed,1,1,mixture,cubic,2.581222868954523,-0.026740519103730116,28.932550497107655,25.147069797493074
72,1000,1000,10,normal,3,support,cubic,10,"[1.0, 1.0, 1.0, 1.0, 1.0, 1.0, 1.0, 1.0]",4,4,1.5,0.25,0.5,regression,1.0,2170,2.0,mixed,1,1,support,cubic,0.1485184290447674,0.1458528080933345,0.19951647990740848,0.6515882484119206
73,1000,1000,10,normal,3,support,cubic,10,"[1.0, 1.0, 1.0, 1.0, 1.0, 1.0, 1.0, 1.0]",4,4,1.5,0.25,1.0,regression,1.0,2172,2.0,mixed,1,1,support,cubic,0.12290553371186133,0.07335570706710305,0.6601320336644294,1.4189919179293924
74,1000,1000,10,normal,3,support,cubic,10,"[1.0, 1.0, 1.0, 1.0, 1.0, 1.0, 1.0, 1.0]",4,4,1.5,0.75,0.5,regression,1.0,2174,2.0,mixed,1,1,support,cubic,0.12324881551796951,0.07401921193488165,0.5422607733789969,1.1769293613995404
75,1000,1000,10,normal,3,support,cubic,10,"[1.0, 1.0, 1.0, 1.0, 1.0, 1.0, 1.0, 1.0]",4,4,1.5,0.75,1.0,regression,1.0,2176,2.0,mixed,1,1,support,cubic,0.10430722043854368,0.030001768728523927,0.7274880818378446,2.3595509030289263
76,1000,1000,10,normal,3,eigenshift,cubic,10,"[1.0, 1.0, 1.0, 1.0, 1.0, 1.0, 1.0, 1.0]",4,4,1.5,0.25,0.5,regression,1.0,2178,2.0,mixed,1,1,eigenshift,cubic,0.16012222591610006,-0.0032702647483386967,0.7627036882280924,2.9717237276568276
77,1000,1000,10,normal,3,eigenshift,cubic,10,"[1.0, 1.0, 1.0, 1.0, 1.0, 1.0, 1.0, 1.0]",4,4,1.5,0.25,1.0,regression,1.0,2180,2.0,mixed,1,1,eigenshift,cubic,0.1597497421732246,0.13544579488836722,2.2537668411445106,8.017415748142367
78,1000,1000,10,normal,3,none,cubic,10,"[1.0, 1.0, 1.0, 1.0, 1.0, 1.0, 1.0, 1.0]",4,4,1.5,0.0,0.5,regression,1.0,2182,2.0,concept_drift_only,0,1,none,cubic,0.07993033982130981,-0.06358879173745625,0.41770198140683895,1.7106301141371618
79,1000,1000,10,normal,3,none,cubic,10,"[1.0, 1.0, 1.0, 1.0, 1.0, 1.0, 1.0, 1.0]",4,4,1.5,0.0,1.0,regression,1.0,2184,2.0,concept_drift_only,0,1,none,cubic,0.1521656355048154,0.049027568829346765,0.6822843144893852,3.4123988535757066
80,1000,1000,10,normal,3,mean,interaction,10,"[1.0, 1.0, 1.0, 1.0, 1.0, 1.0, 1.0, 1.0]",4,4,1.5,0.5,0.25,regression,1.0,2186,2.0,mixed,1,1,mean,interaction,1.0147708818972934,0.15428109602559023,16.92044218955703,20.444694530748276
81,1000,1000,10,normal,3,mean,interaction,10,"[1.0, 1.0, 1.0, 1.0, 1.0, 1.0, 1.0, 1.0]",4,4,1.5,0.5,0.75,regression,1.0,2188,2.0,mixed,1,1,mean,interaction,1.0005095726041842,-0.19583408092630816,4.677286660278138,12.576122412506287
82,1000,1000,10,normal,3,mean,interaction,10,"[1.0, 1.0, 1.0, 1.0, 1.0, 1.0, 1.0, 1.0]",4,4,1.5,0.5,1.0,regression,1.0,2190,2.0,mixed,1,1,mean,interaction,1.0502552110136287,0.1814249508969739,-1.1355908221968016,23.769638551538424
83,1000,1000,10,normal,3,mean,interaction,10,"[1.0, 1.0, 1.0, 1.0, 1.0, 1.0, 1.0, 1.0]",4,4,1.5,1.0,0.25,regression,1.0,2192,2.0,mixed,1,1,mean,interaction,1.9266173854365476,-0.0021735485885702203,4.4368265182503785,5.129622760109894
84,1000,1000,10,normal,3,mean,interaction,10,"[1.0, 1.0, 1.0, 1.0, 1.0, 1.0, 1.0, 1.0]",4,4,1.5,1.0,0.75,regression,1.0,2194,2.0,mixed,1,1,mean,interaction,1.8883373836141772,0.25348038109523646,-1.2095861672095911,21.63935829624958
85,1000,1000,10,normal,3,mean,interaction,10,"[1.0, 1.0, 1.0, 1.0, 1.0, 1.0, 1.0, 1.0]",4,4,1.5,1.0,1.0,regression,1.0,2196,2.0,mixed,1,1,mean,interaction,2.0122921836199654,0.007769303923159306,-19.94151849177097,46.502405206065305
86,1000,1000,10,normal,3,covariance,interaction,10,"[1.0, 1.0, 1.0, 1.0, 1.0, 1.0, 1.0, 1.0]",4,4,1.5,0.5,0.25,regression,1.0,2198,2.0,mixed,1,1,covariance,interaction,0.1255014816878436,0.06272490070051136,-0.38307349255083173,4.817524501250615
87,1000,1000,10,normal,3,covariance,interaction,10,"[1.0, 1.0, 1.0, 1.0, 1.0, 1.0, 1.0, 1.0]",4,4,1.5,0.5,0.75,regression,1.0,2200,2.0,mixed,1,1,covariance,interaction,0.16662555578739616,-0.0804982325263289,1.883225583619009,13.12065694830971
88,1000,1000,10,normal,3,covariance,interaction,10,"[1.0, 1.0, 1.0, 1.0, 1.0, 1.0, 1.0, 1.0]",4,4,1.5,0.5,1.0,regression,1.0,2202,2.0,mixed,1,1,covariance,interaction,0.15534578756589337,0.17691477859850346,-3.7527592195954576,17.79994850110421
89,1000,1000,10,normal,3,covariance,interaction,10,"[1.0, 1.0, 1.0, 1.0, 1.0, 1.0, 1.0, 1.0]",4,4,1.5,1.0,0.25,regression,1.0,2204,2.0,mixed,1,1,covariance,interaction,0.12672860685234905,-0.037990800305243176,0.3819571270804184,3.7192031142903166
90,1000,1000,10,normal,3,covariance,interaction,10,"[1.0, 1.0, 1.0, 1.0, 1.0, 1.0, 1.0, 1.0]",4,4,1.5,1.0,0.75,regression,1.0,2206,2.0,mixed,1,1,covariance,interaction,0.17508811659630985,-0.03317906790992062,-7.145234426838161,21.98516620076716
91,1000,1000,10,normal,3,covariance,interaction,10,"[1.0, 1.0, 1.0, 1.0, 1.0, 1.0, 1.0, 1.0]",4,4,1.5,1.0,1.0,regression,1.0,2208,2.0,mixed,1,1,covariance,interaction,0.17045606809457198,-0.11483865862083142,-15.6453803889942,32.845836605629465
92,1000,1000,10,normal,3,mixture,interaction,10,"[1.0, 1.0, 1.0, 1.0, 1.0, 1.0, 1.0, 1.0]",4,4,1.5,0.25,0.25,regression,1.0,2210,2.0,mixed,1,1,mixture,interaction,0.8801864521948644,0.09710610416591242,-0.9974363547740299,10.056403664774516
93,1000,1000,10,normal,3,mixture,interaction,10,"[1.0, 1.0, 1.0, 1.0, 1.0, 1.0, 1.0, 1.0]",4,4,1.5,0.25,0.75,regression,1.0,2212,2.0,mixed,1,1,mixture,interaction,0.8932355310255946,-0.07057542154343849,-32.53773713503264,69.4358997990398
94,1000,1000,10,normal,3,mixture,interaction,10,"[1.0, 1.0, 1.0, 1.0, 1.0, 1.0, 1.0, 1.0]",4,4,1.5,0.25,1.0,regression,1.0,2214,2.0,mixed,1,1,mixture,interaction,0.8939320882878035,-0.07188180758106026,186.7573516088199,235.21235004020582
95,1000,1000,10,normal,3,mixture,interaction,10,"[1.0, 1.0, 1.0, 1.0, 1.0, 1.0, 1.0, 1.0]",4,4,1.5,0.75,0.25,regression,1.0,2216,2.0,mixed,1,1,mixture,interaction,2.678932058346848,-0.17778014057877056,-24.502903746654287,61.27982745084804
96,1000,1000,10,normal,3,mixture,interaction,10,"[1.0, 1.0, 1.0, 1.0, 1.0, 1.0, 1.0, 1.0]",4,4,1.5,0.75,0.75,regression,1.0,2218,2.0,mixed,1,1,mixture,interaction,2.571659989678497,0.009125161364081678,39.524173256062845,309.3418300725488
97,1000,1000,10,normal,3,mixture,interaction,10,"[1.0, 1.0, 1.0, 1.0, 1.0, 1.0, 1.0, 1.0]",4,4,1.5,0.75,1.0,regression,1.0,2220,2.0,mixed,1,1,mixture,interaction,2.611623003440605,0.0741272256996028,14.318694285333248,80.13632880758284
98,1000,1000,10,normal,3,support,interaction,10,"[1.0, 1.0, 1.0, 1.0, 1.0, 1.0, 1.0, 1.0]",4,4,1.5,0.25,0.25,regression,1.0,2222,2.0,mixed,1,1,support,interaction,0.1306837902248789,0.054898995685606876,-1.57464646257384,5.183207979421428
99,1000,1000,10,normal,3,support,interaction,10,"[1.0, 1.0, 1.0, 1.0, 1.0, 1.0, 1.0, 1.0]",4,4,1.5,0.25,0.75,regression,1.0,2224,2.0,mixed,1,1,support,interaction,0.0862892520604915,-0.03409613640722719,-0.2798781089352119,12.094026921146702
100,1000,1000,10,normal,3,support,interaction,10,"[1.0, 1.0, 1.0, 1.0, 1.0, 1.0, 1.0, 1.0]",4,4,1.5,0.25,1.0,regression,1.0,2226,2.0,mixed,1,1,support,interaction,0.1331410250414526,0.03796806964133673,0.16884332503452698,15.973883568393841
101,1000,1000,10,normal,3,support,interaction,10,"[1.0, 1.0, 1.0, 1.0, 1.0, 1.0, 1.0, 1.0]",4,4,1.5,0.75,0.25,regression,1.0,2228,2.0,mixed,1,1,support,interaction,0.17759875276805537,-0.024040741035738136,0.4229319524772292,4.349998403790325
102,1000,1000,10,normal,3,support,interaction,10,"[1.0, 1.0, 1.0, 1.0, 1.0, 1.0, 1.0, 1.0]",4,4,1.5,0.75,0.75,regression,1.0,2230,2.0,mixed,1,1,support,interaction,0.13006086179789242,-0.1233593087290592,2.1161651683694602,13.09304295193379
103,1000,1000,10,normal,3,support,interaction,10,"[1.0, 1.0, 1.0, 1.0, 1.0, 1.0, 1.0, 1.0]",4,4,1.5,0.75,1.0,regression,1.0,2232,2.0,mixed,1,1,support,interaction,0.16439992708453585,0.04714637176571032,7.392867650056138,23.07524092664252
104,1000,1000,10,normal,3,eigenshift,interaction,10,"[1.0, 1.0, 1.0, 1.0, 1.0, 1.0, 1.0, 1.0]",4,4,1.5,0.25,0.25,regression,1.0,2234,2.0,mixed,1,1,eigenshift,interaction,0.1650239271264314,0.06539874669494275,-11.931435532786871,17.03088663575656
105,1000,1000,10,normal,3,eigenshift,interaction,10,"[1.0, 1.0, 1.0, 1.0, 1.0, 1.0, 1.0, 1.0]",4,4,1.5,0.25,0.75,regression,1.0,2236,2.0,mixed,1,1,eigenshift,interaction,0.1457067094233893,-0.14502435951749607,-2.9429564402224813,20.176082147976462
106,1000,1000,10,normal,3,eigenshift,interaction,10,"[1.0, 1.0, 1.0, 1.0, 1.0, 1.0, 1.0, 1.0]",4,4,1.5,0.25,1.0,regression,1.0,2238,2.0,mixed,1,1,eigenshift,interaction,0.18864960617223486,-0.08002853645303767,15.62471562716085,45.48745118295506
107,1000,1000,10,normal,3,none,interaction,10,"[1.0, 1.0, 1.0, 1.0, 1.0, 1.0, 1.0, 1.0]",4,4,1.5,0.0,0.25,regression,1.0,2240,2.0,concept_drift_only,0,1,none,interaction,0.16257738486928963,0.08714693951975207,0.44695098674111566,4.091926806873064
108,1000,1000,10,normal,3,none,interaction,10,"[1.0, 1.0, 1.0, 1.0, 1.0, 1.0, 1.0, 1.0]",4,4,1.5,0.0,0.75,regression,1.0,2242,2.0,concept_drift_only,0,1,none,interaction,0.1470635214000502,-0.020123182690709597,0.7831066733128705,10.714000035452282
109,1000,1000,10,normal,3,none,interaction,10,"[1.0, 1.0, 1.0, 1.0, 1.0, 1.0, 1.0, 1.0]",4,4,1.5,0.0,1.0,regression,1.0,2244,2.0,concept_drift_only,0,1,none,interaction,0.16202585129634442,-0.03532557505561112,3.9939534347579375,38.33924017505965
110,1000,1000,10,normal,3,mean,threshold,10,"[1.0, 1.0, 1.0, 1.0, 1.0, 1.0, 1.0, 1.0]",4,4,1.5,0.5,0.25,regression,1.0,2246,2.0,mixed,1,1,mean,threshold,0.9596909921821918,0.0353460731194823,2.1383933035027494,0.1695
111,1000,1000,10,normal,3,mean,threshold,10,"[1.0, 1.0, 1.0, 1.0, 1.0, 1.0, 1.0, 1.0]",4,4,1.5,0.5,0.75,regression,1.0,2248,2.0,mixed,1,1,mean,threshold,0.9602545138473931,0.09344682368367774,2.493281705135691,0.52425
112,1000,1000,10,normal,3,mean,threshold,10,"[1.0, 1.0, 1.0, 1.0, 1.0, 1.0, 1.0, 1.0]",4,4,1.5,1.0,0.25,regression,1.0,2250,2.0,mixed,1,1,mean,threshold,1.9943914011649881,-0.020412549626522114,4.096685797761351,0.211
113,1000,1000,10,normal,3,mean,threshold,10,"[1.0, 1.0, 1.0, 1.0, 1.0, 1.0, 1.0, 1.0]",4,4,1.5,1.0,0.75,regression,1.0,2252,2.0,mixed,1,1,mean,threshold,2.053354275502364,-0.11737373799629702,4.521667776939601,0.63825
114,1000,1000,10,normal,3,covariance,threshold,10,"[1.0, 1.0, 1.0, 1.0, 1.0, 1.0, 1.0, 1.0]",4,4,1.5,0.5,0.25,regression,1.0,2254,2.0,mixed,1,1,covariance,threshold,0.14353168862115684,0.07297535084895315,0.13003259149173954,0.12
115,1000,1000,10,normal,3,covariance,threshold,10,"[1.0, 1.0, 1.0, 1.0, 1.0, 1.0, 1.0, 1.0]",4,4,1.5,0.5,0.75,regression,1.0,2256,2.0,mixed,1,1,covariance,threshold,0.15741244980406893,0.003394259000917031,0.3875577518565077,0.39825
116,1000,1000,10,normal,3,covariance,threshold,10,"[1.0, 1.0, 1.0, 1.0, 1.0, 1.0, 1.0, 1.0]",4,4,1.5,1.0,0.25,regression,1.0,2258,2.0,mixed,1,1,covariance,threshold,0.12484497440229089,-0.03824940804830348,0.28568023812954996,0.13475
117,1000,1000,10,normal,3,covariance,threshold,10,"[1.0, 1.0, 1.0, 1.0, 1.0, 1.0, 1.0, 1.0]",4,4,1.5,1.0,0.75,regression,1.0,2260,2.0,mixed,1,1,covariance,threshold,0.09963115952691423,-0.05113503632770525,0.3816222155717401,0.3705
118,1000,1000,10,normal,3,mixture,threshold,10,"[1.0, 1.0, 1.0, 1.0, 1.0, 1.0, 1.0, 1.0]",4,4,1.5,0.25,0.25,regression,1.0,2262,2.0,mixed,1,1,mixture,threshold,0.9395258083042775,-0.10838209032387959,1.7736445775148426,0.15425
119,1000,1000,10,normal,3,mixture,threshold,10,"[1.0, 1.0, 1.0, 1.0, 1.0, 1.0, 1.0, 1.0]",4,4,1.5,0.25,0.75,regression,1.0,2264,2.0,mixed,1,1,mixture,threshold,0.8371177417655188,0.09910696145029906,1.7144052370500527,0.4635
120,1000,1000,10,normal,3,mixture,threshold,10,"[1.0, 1.0, 1.0, 1.0, 1.0, 1.0, 1.0, 1.0]",4,4,1.5,0.75,0.25,regression,1.0,2266,2.0,mixed,1,1,mixture,threshold,2.6066658240325693,0.11365425774508792,4.751447207449046,0.2155
121,1000,1000,10,normal,3,mixture,threshold,10,"[1.0, 1.0, 1.0, 1.0, 1.0, 1.0, 1.0, 1.0]",4,4,1.5,0.75,0.75,regression,1.0,2268,2.0,mixed,1,1,mixture,threshold,2.6034677381163287,-0.11926681955621506,5.1480982862627185,0.642
122,1000,1000,10,normal,3,support,threshold,10,"[1.0, 1.0, 1.0, 1.0, 1.0, 1.0, 1.0, 1.0]",4,4,1.5,0.25,0.25,regression,1.0,2270,2.0,mixed,1,1,support,threshold,0.108767465426132,0.047620171877531633,0.158396423915011,0.125
123,1000,1000,10,normal,3,support,threshold,10,"[1.0, 1.0, 1.0, 1.0, 1.0, 1.0, 1.0, 1.0]",4,4,1.5,0.25,0.75,regression,1.0,2272,2.0,mixed,1,1,support,threshold,0.1143389712735227,-0.01395676940656493,0.3580940069669584,0.384
124,1000,1000,10,normal,3,support,threshold,10,"[1.0, 1.0, 1.0, 1.0, 1.0, 1.0, 1.0, 1.0]",4,4,1.5,0.75,0.25,regression,1.0,2274,2.0,mixed,1,1,support,threshold,0.16479973872965797,0.024018467811021075,0.1859611469937284,0.1295
125,1000,1000,10,normal,3,support,threshold,10,"[1.0, 1.0, 1.0, 1.0, 1.0, 1.0, 1.0, 1.0]",4,4,1.5,0.75,0.75,regression,1.0,2276,2.0,mixed,1,1,support,threshold,0.11060957011677491,0.1124163178483608,0.4889429538750144,0.37575
126,1000,1000,10,normal,3,eigenshift,threshold,10,"[1.0, 1.0, 1.0, 1.0, 1.0, 1.0, 1.0, 1.0]",4,4,1.5,0.25,0.25,regression,1.0,2278,2.0,mixed,1,1,eigenshift,threshold,0.1815637414344664,-0.10774978447836438,0.27347239915553445,0.13075
127,1000,1000,10,normal,3,eigenshift,threshold,10,"[1.0, 1.0, 1.0, 1.0, 1.0, 1.0, 1.0, 1.0]",4,4,1.5,0.25,0.75,regression,1.0,2280,2.0,mixed,1,1,eigenshift,threshold,0.13082912883387837,-0.08620950791322489,0.1895123444059247,0.36225
128,1000,1000,10,normal,3,none,threshold,10,"[1.0, 1.0, 1.0, 1.0, 1.0, 1.0, 1.0, 1.0]",4,4,1.5,0.0,0.25,regression,1.0,2282,2.0,concept_drift_only,0,1,none,threshold,0.08286721116275207,0.05656333905115041,0.07221844601716541,0.12
129,1000,1000,10,normal,3,none,threshold,10,"[1.0, 1.0, 1.0, 1.0, 1.0, 1.0, 1.0, 1.0]",4,4,1.5,0.0,0.75,regression,1.0,2284,2.0,concept_drift_only,0,1,none,threshold,0.1530454744641609,-0.1427068471714357,0.30403223386938133,0.378
130,1000,1000,10,t_dist,3,mean,none,10,"[1.0, 1.0, 1.0, 1.0, 1.0, 1.0, 1.0, 1.0]",4,4,1.5,0.5,0.0,regression,1.0,2286,2.0,covariate_only,1,0,mean,none,0.9462213415255859,0.1878667003706809,1.927955343109004,0.0
131,1000,1000,10,t_dist,3,mean,none,10,"[1.0, 1.0, 1.0, 1.0, 1.0, 1.0, 1.0, 1.0]",4,4,1.5,1.0,0.0,regression,1.0,2288,2.0,covariate_only,1,0,mean,none,1.9740625868974349,0.25014659269936423,4.146660960837345,0.0
132,1000,1000,10,t_dist,3,covariance,none,10,"[1.0, 1.0, 1.0, 1.0, 1.0, 1.0, 1.0, 1.0]",4,4,1.5,0.5,0.0,regression,1.0,2290,2.0,covariate_only,1,0,covariance,none,0.29104217245140435,0.04304821457233604,-0.32012819198511533,0.0
133,1000,1000,10,t_dist,3,covariance,none,10,"[1.0, 1.0, 1.0, 1.0, 1.0, 1.0, 1.0, 1.0]",4,4,1.5,1.0,0.0,regression,1.0,2292,2.0,covariate_only,1,0,covariance,none,0.3174505549615368,-0.3340168475944256,0.11937872912484453,0.0
134,1000,1000,10,t_dist,3,mixture,none,10,"[1.0, 1.0, 1.0, 1.0, 1.0, 1.0, 1.0, 1.0]",4,4,1.5,0.25,0.0,regression,1.0,2294,2.0,covariate_only,1,0,mixture,none,0.9798472626813854,-0.06584856565233208,1.4920782976435802,0.0
135,1000,1000,10,t_dist,3,mixture,none,10,"[1.0, 1.0, 1.0, 1.0, 1.0, 1.0, 1.0, 1.0]",4,4,1.5,0.75,0.0,regression,1.0,2296,2.0,covariate_only,1,0,mixture,none,2.6609676691278765,0.12846169314031217,4.611010880282342,0.0
136,1000,1000,10,t_dist,3,support,none,10,"[1.0, 1.0, 1.0, 1.0, 1.0, 1.0, 1.0, 1.0]",4,4,1.5,0.25,0.0,regression,1.0,2298,2.0,covariate_only,1,0,support,none,0.15664583754933284,-0.05950565079025413,-0.031109007607008545,0.0
137,1000,1000,10,t_dist,3,support,none,10,"[1.0, 1.0, 1.0, 1.0, 1.0, 1.0, 1.0, 1.0]",4,4,1.5,0.75,0.0,regression,1.0,2300,2.0,covariate_only,1,0,support,none,0.2274260553573351,0.08940632327909045,0.03351705392120421,0.0
138,1000,1000,10,t_dist,3,eigenshift,none,10,"[1.0, 1.0, 1.0, 1.0, 1.0, 1.0, 1.0, 1.0]",4,4,1.5,0.25,0.0,regression,1.0,2302,2.0,covariate_only,1,0,eigenshift,none,0.1742341630904477,-0.14567873262535475,0.04922571450061868,0.0
139,1000,1000,10,t_dist,3,none,none,10,"[1.0, 1.0, 1.0, 1.0, 1.0, 1.0, 1.0, 1.0]",4,4,1.5,0.0,0.0,regression,1.0,2304,2.0,no_shift,0,0,none,none,0.18677137232569374,0.12101994514973177,0.17942572931633732,0.0
140,1000,1000,10,t_dist,3,mean,linear,10,"[1.0, 1.0, 1.0, 1.0, 1.0, 1.0, 1.0, 1.0]",4,4,1.5,0.5,0.5,regression,1.0,2306,2.0,mixed,1,1,mean,linear,1.0894679251238466,-0.04755241176642515,2.60718962157294,1.0697940939510306
141,1000,1000,10,t_dist,3,mean,linear,10,"[1.0, 1.0, 1.0, 1.0, 1.0, 1.0, 1.0, 1.0]",4,4,1.5,0.5,1.0,regression,1.0,2308,2.0,mixed,1,1,mean,linear,1.0465520393972119,0.20376203287253203,3.4776751271562905,2.1399825402336576
142,1000,1000,10,t_dist,3,mean,linear,10,"[1.0, 1.0, 1.0, 1.0, 1.0, 1.0, 1.0, 1.0]",4,4,1.5,1.0,0.5,regression,1.0,2310,2.0,mixed,1,1,mean,linear,1.9499110291406214,0.12915461810632328,4.730278777995849,1.3180163383090522
143,1000,1000,10,t_dist,3,mean,linear,10,"[1.0, 1.0, 1.0, 1.0, 1.0, 1.0, 1.0, 1.0]",4,4,1.5,1.0,1.0,regression,1.0,2312,2.0,mixed,1,1,mean,linear,1.9760963830768128,0.1837279917603064,6.019769140567678,2.5706796414001474
144,1000,1000,10,t_dist,3,covariance,linear,10,"[1.0, 1.0, 1.0, 1.0, 1.0, 1.0, 1.0, 1.0]",4,4,1.5,0.5,0.5,regression,1.0,2314,2.0,mixed,1,1,covariance,linear,0.26232294710612103,-0.0266532276030331,-0.2825454639243768,1.125201825234637
145,1000,1000,10,t_dist,3,covariance,linear,10,"[1.0, 1.0, 1.0, 1.0, 1.0, 1.0, 1.0, 1.0]",4,4,1.5,0.5,1.0,regression,1.0,2316,2.0,mixed,1,1,covariance,linear,0.22490473285904392,0.14516475280865268,0.10312389691079883,2.100047426989098
146,1000,1000,10,t_dist,3,covariance,linear,10,"[1.0, 1.0, 1.0, 1.0, 1.0, 1.0, 1.0, 1.0]",4,4,1.5,1.0,0.5,regression,1.0,2318,2.0,mixed,1,1,covariance,linear,0.11733206175692126,0.15436887227583995,0.31535195676188066,1.1252575543893635
147,1000,1000,10,t_dist,3,covariance,linear,10,"[1.0, 1.0, 1.0, 1.0, 1.0, 1.0, 1.0, 1.0]",4,4,1.5,1.0,1.0,regression,1.0,2320,2.0,mixed,1,1,covariance,linear,0.27401271133884675,-0.16303530021688134,0.12892209294628315,2.1561442072344152
148,1000,1000,10,t_dist,3,mixture,linear,10,"[1.0, 1.0, 1.0, 1.0, 1.0, 1.0, 1.0, 1.0]",4,4,1.5,0.25,0.5,regression,1.0,2322,2.0,mixed,1,1,mixture,linear,1.0826880520679585,-0.09507641480270587,2.1822885631153714,1.269625596598483
149,1000,1000,10,t_dist,3,mixture,linear,10,"[1.0, 1.0, 1.0, 1.0, 1.0, 1.0, 1.0, 1.0]",4,4,1.5,0.25,1.0,regression,1.0,2324,2.0,mixed,1,1,mixture,linear,0.7586867319087722,0.4750906139633909,2.5589357818659675,2.516331838593862
150,1000,1000,10,t_dist,3,mixture,linear,10,"[1.0, 1.0, 1.0, 1.0, 1.0, 1.0, 1.0, 1.0]",4,4,1.5,0.75,0.5,regression,1.0,2326,2.0,mixed,1,1,mixture,linear,2.6562498272735353,0.06479860814688121,6.149860152490669,1.8169489567937602
151,1000,1000,10,t_dist,3,mixture,linear,10,"[1.0, 1.0, 1.0, 1.0, 1.0, 1.0, 1.0, 1.0]",4,4,1.5,0.75,1.0,regression,1.0,2328,2.0,mixed,1,1,mixture,linear,2.5302946976764424,-0.07854322051819519,7.39190549781776,3.656238652491232
152,1000,1000,10,t_dist,3,support,linear,10,"[1.0, 1.0, 1.0, 1.0, 1.0, 1.0, 1.0, 1.0]",4,4,1.5,0.25,0.5,regression,1.0,2330,2.0,mixed,1,1,support,linear,0.11404996006299446,-0.11347892729553075,-0.042660677567984334,0.5529552366258316
153,1000,1000,10,t_dist,3,support,linear,10,"[1.0, 1.0, 1.0, 1.0, 1.0, 1.0, 1.0, 1.0]",4,4,1.5,0.25,1.0,regression,1.0,2332,2.0,mixed,1,1,support,linear,0.18967866372211328,-0.03000359124825977,-0.21461690599821728,1.0349109278870587
154,1000,1000,10,t_dist,3,support,linear,10,"[1.0, 1.0, 1.0, 1.0, 1.0, 1.0, 1.0, 1.0]",4,4,1.5,0.75,0.5,regression,1.0,2334,2.0,mixed,1,1,support,linear,0.28041177475854373,-0.0013420234441417307,-0.018181121577689703,0.6532174487943937
155,1000,1000,10,t_dist,3,support,linear,10,"[1.0, 1.0, 1.0, 1.0, 1.0, 1.0, 1.0, 1.0]",4,4,1.5,0.75,1.0,regression,1.0,2336,2.0,mixed,1,1,support,linear,0.19180899249763275,0.059928206330948725,-0.12788328334830354,1.2934480743813122
156,1000,1000,10,t_dist,3,eigenshift,linear,10,"[1.0, 1.0, 1.0, 1.0, 1.0, 1.0, 1.0, 1.0]",4,4,1.5,0.25,0.5,regression,1.0,2338,2.0,mixed,1,1,eigenshift,linear,0.2936058899459178,0.09768842655367611,0.06056305898132278,1.3254657929704323
157,1000,1000,10,t_dist,3,eigenshift,linear,10,"[1.0, 1.0, 1.0, 1.0, 1.0, 1.0, 1.0, 1.0]",4,4,1.5,0.25,1.0,regression,1.0,2340,2.0,mixed,1,1,eigenshift,linear,0.4578626930113234,-0.197393954860189,-0.3262478110478314,3.71913037591435
158,1000,1000,10,t_dist,3,none,linear,10,"[1.0, 1.0, 1.0, 1.0, 1.0, 1.0, 1.0, 1.0]",4,4,1.5,0.0,0.5,regression,1.0,2342,2.0,concept_drift_only,0,1,none,linear,0.28606881896155983,0.04478701766097775,0.11797391298137891,0.9260802823841243
159,1000,1000,10,t_dist,3,none,linear,10,"[1.0, 1.0, 1.0, 1.0, 1.0, 1.0, 1.0, 1.0]",4,4,1.5,0.0,1.0,regression,1.0,2344,2.0,concept_drift_only,0,1,none,linear,0.204285697173221,-0.056641346744297265,0.3088387060223062,1.805916415579819
160,1000,1000,10,t_dist,3,mean,nonlinear,10,"[1.0, 1.0, 1.0, 1.0, 1.0, 1.0, 1.0, 1.0]",4,4,1.5,0.5,0.25,regression,1.0,2346,2.0,mixed,1,1,mean,nonlinear,1.1330689616956011,-0.0690743132684265,1.8364764106099645,0.13197000994269392
161,1000,1000,10,t_dist,3,mean,nonlinear,10,"[1.0, 1.0, 1.0, 1.0, 1.0, 1.0, 1.0, 1.0]",4,4,1.5,0.5,0.75,regression,1.0,2348,2.0,mixed,1,1,mean,nonlinear,1.109823622036364,0.12156329090730329,2.324891044120592,0.39116769506557875
162,1000,1000,10,t_dist,3,mean,nonlinear,10,"[1.0, 1.0, 1.0, 1.0, 1.0, 1.0, 1.0, 1.0]",4,4,1.5,0.5,1.0,regression,1.0,2350,2.0,mixed,1,1,mean,nonlinear,1.0983975779752793,-0.11976726805617073,2.1639355120591173,0.5180460571320009
163,1000,1000,10,t_dist,3,mean,nonlinear,10,"[1.0, 1.0, 1.0, 1.0, 1.0, 1.0, 1.0, 1.0]",4,4,1.5,1.0,0.25,regression,1.0,2352,2.0,mixed,1,1,mean,nonlinear,2.057070560000712,0.12341710458178916,4.350750635604979,0.13852081049427728
164,1000,1000,10,t_dist,3,mean,nonlinear,10,"[1.0, 1.0, 1.0, 1.0, 1.0, 1.0, 1.0, 1.0]",4,4,1.5,1.0,0.75,regression,1.0,2354,2.0,mixed,1,1,mean,nonlinear,2.125487290798703,-0.1308711755485344,4.166030360051565,0.42291743645557783
165,1000,1000,10,t_dist,3,mean,nonlinear,10,"[1.0, 1.0, 1.0, 1.0, 1.0, 1.0, 1.0, 1.0]",4,4,1.5,1.0,1.0,regression,1.0,2356,2.0,mixed,1,1,mean,nonlinear,2.01687240562488,-0.007768548456204698,4.275180880518615,0.5735943312289926
166,1000,1000,10,t_dist,3,covariance,nonlinear,10,"[1.0, 1.0, 1.0, 1.0, 1.0, 1.0, 1.0, 1.0]",4,4,1.5,0.5,0.25,regression,1.0,2358,2.0,mixed,1,1,covariance,nonlinear,0.2745110508797246,-0.018399583106672453,0.19436829224840427,0.12198205557599742
167,1000,1000,10,t_dist,3,covariance,nonlinear,10,"[1.0, 1.0, 1.0, 1.0, 1.0, 1.0, 1.0, 1.0]",4,4,1.5,0.5,0.75,regression,1.0,2360,2.0,mixed,1,1,covariance,nonlinear,0.39210007003788433,0.2871569938841875,-0.0762911198125641,0.3760420920472516
168,1000,1000,10,t_dist,3,covariance,nonlinear,10,"[1.0, 1.0, 1.0, 1.0, 1.0, 1.0, 1.0, 1.0]",4,4,1.5,0.5,1.0,regression,1.0,2362,2.0,mixed,1,1,covariance,nonlinear,0.2580090052618978,0.026643785853463817,-0.4034081391120601,0.48281069989677156
169,1000,1000,10,t_dist,3,covariance,nonlinear,10,"[1.0, 1.0, 1.0, 1.0, 1.0, 1.0, 1.0, 1.0]",4,4,1.5,1.0,0.25,regression,1.0,2364,2.0,mixed,1,1,covariance,nonlinear,0.3207200335164621,0.17978417496420565,-0.1156109008819605,0.12052948453530501
170,1000,1000,10,t_dist,3,covariance,nonlinear,10,"[1.0, 1.0, 1.0, 1.0, 1.0, 1.0, 1.0, 1.0]",4,4,1.5,1.0,0.75,regression,1.0,2366,2.0,mixed,1,1,covariance,nonlinear,0.3429848504268446,0.31242165355236523,-0.17626893307153033,0.348732072826301
171,1000,1000,10,t_dist,3,covariance,nonlinear,10,"[1.0, 1.0, 1.0, 1.0, 1.0, 1.0, 1.0, 1.0]",4,4,1.5,1.0,1.0,regression,1.0,2368,2.0,mixed,1,1,covariance,nonlinear,0.2220825625789447,-0.19282195639412728,0.20926583832677656,0.4735140249331721
172,1000,1000,10,t_dist,3,mixture,nonlinear,10,"[1.0, 1.0, 1.0, 1.0, 1.0, 1.0, 1.0, 1.0]",4,4,1.5,0.25,0.25,regression,1.0,2370,2.0,mixed,1,1,mixture,nonlinear,1.0127022234230527,0.25048788929962124,1.51424725543813,0.13249787166799296
173,1000,1000,10,t_dist,3,mixture,nonlinear,10,"[1.0, 1.0, 1.0, 1.0, 1.0, 1.0, 1.0, 1.0]",4,4,1.5,0.25,0.75,regression,1.0,2372,2.0,mixed,1,1,mixture,nonlinear,0.8752824340724653,-0.02488930445447285,1.5456955366531089,0.38854683343260815
174,1000,1000,10,t_dist,3,mixture,nonlinear,10,"[1.0, 1.0, 1.0, 1.0, 1.0, 1.0, 1.0, 1.0]",4,4,1.5,0.25,1.0,regression,1.0,2374,2.0,mixed,1,1,mixture,nonlinear,0.7664358303506512,0.23905961340835785,1.5392943775737449,0.514749350208128
175,1000,1000,10,t_dist,3,mixture,nonlinear,10,"[1.0, 1.0, 1.0, 1.0, 1.0, 1.0, 1.0, 1.0]",4,4,1.5,0.75,0.25,regression,1.0,2376,2.0,mixed,1,1,mixture,nonlinear,2.6626047071829637,-0.02010007616848217,4.668858214789576,0.14781211119057064
176,1000,1000,10,t_dist,3,mixture,nonlinear,10,"[1.0, 1.0, 1.0, 1.0, 1.0, 1.0, 1.0, 1.0]",4,4,1.5,0.75,0.75,regression,1.0,2378,2.0,mixed,1,1,mixture,nonlinear,2.758677104779422,-0.42743050411661726,4.919045741529488,0.45427288984463043
177,1000,1000,10,t_dist,3,mixture,nonlinear,10,"[1.0, 1.0, 1.0, 1.0, 1.0, 1.0, 1.0, 1.0]",4,4,1.5,0.75,1.0,regression,1.0,2380,2.0,mixed,1,1,mixture,nonlinear,2.520026554081033,0.41142810683911646,4.606179076634364,0.6041408861940919
178,1000,1000,10,t_dist,3,support,nonlinear,10,"[1.0, 1.0, 1.0, 1.0, 1.0, 1.0, 1.0, 1.0]",4,4,1.5,0.25,0.25,regression,1.0,2382,2.0,mixed,1,1,support,nonlinear,0.21999887703068174,-0.0554841803058014,0.06864638619953109,0.12917944830369016
179,1000,1000,10,t_dist,3,support,nonlinear,10,"[1.0, 1.0, 1.0, 1.0, 1.0, 1.0, 1.0, 1.0]",4,4,1.5,0.25,0.75,regression,1.0,2384,2.0,mixed,1,1,support,nonlinear,0.19691036592176983,0.11591360381927732,0.0470838003807143,0.4050665050924867
180,1000,1000,10,t_dist,3,support,nonlinear,10,"[1.0, 1.0, 1.0, 1.0, 1.0, 1.0, 1.0, 1.0]",4,4,1.5,0.25,1.0,regression,1.0,2386,2.0,mixed,1,1,support,nonlinear,0.14044696558250777,-0.11204586947709326,0.017311889909503747,0.5343649000945984
181,1000,1000,10,t_dist,3,support,nonlinear,10,"[1.0, 1.0, 1.0, 1.0, 1.0, 1.0, 1.0, 1.0]",4,4,1.5,0.75,0.25,regression,1.0,2388,2.0,mixed,1,1,support,nonlinear,0.15021328784478025,-0.023609295808630578,-0.0725831223230447,0.11460146195293515
182,1000,1000,10,t_dist,3,support,nonlinear,10,"[1.0, 1.0, 1.0, 1.0, 1.0, 1.0, 1.0, 1.0]",4,4,1.5,0.75,0.75,regression,1.0,2390,2.0,mixed,1,1,support,nonlinear,0.1792282488887542,0.16539192051140372,0.0653302870338016,0.34653864604283874
183,1000,1000,10,t_dist,3,support,nonlinear,10,"[1.0, 1.0, 1.0, 1.0, 1.0, 1.0, 1.0, 1.0]",4,4,1.5,0.75,1.0,regression,1.0,2392,2.0,mixed,1,1,support,nonlinear,0.19735103694613704,0.2822632989342784,-0.07480885251866964,0.453788451408183
184,1000,1000,10,t_dist,3,eigenshift,nonlinear,10,"[1.0, 1.0, 1.0, 1.0, 1.0, 1.0, 1.0, 1.0]",4,4,1.5,0.25,0.25,regression,1.0,2394,2.0,mixed,1,1,eigenshift,nonlinear,0.22894723680407988,0.24076486908051978,0.06602260841372638,0.142091865807775
185,1000,1000,10,t_dist,3,eigenshift,nonlinear,10,"[1.0, 1.0, 1.0, 1.0, 1.0, 1.0, 1.0, 1.0]",4,4,1.5,0.25,0.75,regression,1.0,2396,2.0,mixed,1,1,eigenshift,nonlinear,0.2687522323892571,-0.24616306397693716,-0.016446895134749583,0.46156588842205587
186,1000,1000,10,t_dist,3,eigenshift,nonlinear,10,"[1.0, 1.0, 1.0, 1.0, 1.0, 1.0, 1.0, 1.0]",4,4,1.5,0.25,1.0,regression,1.0,2398,2.0,mixed,1,1,eigenshift,nonlinear,0.2354113311001427,0.05702945801239747,0.4177127346121039,0.5974344780738143
187,1000,1000,10,t_dist,3,none,nonlinear,10,"[1.0, 1.0, 1.0, 1.0, 1.0, 1.0, 1.0, 1.0]",4,4,1.5,0.0,0.25,regression,1.0,2400,2.0,concept_drift_only,0,1,none,nonlinear,0.3834739552131696,0.3902009775760799,-0.07379089261830518,0.12163242291050706
188,1000,1000,10,t_dist,3,none,nonlinear,10,"[1.0, 1.0, 1.0, 1.0, 1.0, 1.0, 1.0, 1.0]",4,4,1.5,0.0,0.75,regression,1.0,2402,2.0,concept_drift_only,0,1,none,nonlinear,0.2501502464052575,-0.023500118726216556,-0.22304741904944114,0.38357678494443914
189,1000,1000,10,t_dist,3,none,nonlinear,10,"[1.0, 1.0, 1.0, 1.0, 1.0, 1.0, 1.0, 1.0]",4,4,1.5,0.0,1.0,regression,1.0,2404,2.0,concept_drift_only,0,1,none,nonlinear,0.24885270660299177,0.009866086955066536,-0.0668866431492739,0.47846149303713514
190,1000,1000,10,t_dist,3,mean,cubic,10,"[1.0, 1.0, 1.0, 1.0, 1.0, 1.0, 1.0, 1.0]",4,4,1.5,0.5,0.5,regression,1.0,2406,2.0,mixed,1,1,mean,cubic,1.0223169061900887,-0.0008218201806003905,11.130255721431716,23.968958772695856
191,1000,1000,10,t_dist,3,mean,cubic,10,"[1.0, 1.0, 1.0, 1.0, 1.0, 1.0, 1.0, 1.0]",4,4,1.5,0.5,1.0,regression,1.0,2408,2.0,mixed,1,1,mean,cubic,0.9548703336590428,-0.044540183941506585,11.596048506100825,54.27915282455844
192,1000,1000,10,t_dist,3,mean,cubic,10,"[1.0, 1.0, 1.0, 1.0, 1.0, 1.0, 1.0, 1.0]",4,4,1.5,1.0,0.5,regression,1.0,2410,2.0,mixed,1,1,mean,cubic,2.2180364295814594,-0.19806448682600858,31.307582578704046,39.429118627984295
193,1000,1000,10,t_dist,3,mean,cubic,10,"[1.0, 1.0, 1.0, 1.0, 1.0, 1.0, 1.0, 1.0]",4,4,1.5,1.0,1.0,regression,1.0,2412,2.0,mixed,1,1,mean,cubic,1.8960428397685885,0.009958017888994426,19.886396530724653,39.809032166354136
194,1000,1000,10,t_dist,3,covariance,cubic,10,"[1.0, 1.0, 1.0, 1.0, 1.0, 1.0, 1.0, 1.0]",4,4,1.5,0.5,0.5,regression,1.0,2414,2.0,mixed,1,1,covariance,cubic,0.2998662012628191,-0.46313021950318406,16.214104826837207,39.8114989563138
195,1000,1000,10,t_dist,3,covariance,cubic,10,"[1.0, 1.0, 1.0, 1.0, 1.0, 1.0, 1.0, 1.0]",4,4,1.5,0.5,1.0,regression,1.0,2416,2.0,mixed,1,1,covariance,cubic,0.34312061868515337,0.4108068989269957,54.55841278933652,81.25794223473976
196,1000,1000,10,t_dist,3,covariance,cubic,10,"[1.0, 1.0, 1.0, 1.0, 1.0, 1.0, 1.0, 1.0]",4,4,1.5,1.0,0.5,regression,1.0,2418,2.0,mixed,1,1,covariance,cubic,0.18202478383867698,-0.016208068897745675,-7.6010285714612875,24.66549638489075
197,1000,1000,10,t_dist,3,covariance,cubic,10,"[1.0, 1.0, 1.0, 1.0, 1.0, 1.0, 1.0, 1.0]",4,4,1.5,1.0,1.0,regression,1.0,2420,2.0,mixed,1,1,covariance,cubic,0.29283684788777664,-0.02009450903018616,4.815362285252859,56.55306100359401
198,1000,1000,10,t_dist,3,mixture,cubic,10,"[1.0, 1.0, 1.0, 1.0, 1.0, 1.0, 1.0, 1.0]",4,4,1.5,0.25,0.5,regression,1.0,2422,2.0,mixed,1,1,mixture,cubic,0.9680713747539532,0.03912882569366107,-13.158667140043487,51.84471211042012
199,1000,1000,10,t_dist,3,mixture,cubic,10,"[1.0, 1.0, 1.0, 1.0, 1.0, 1.0, 1.0, 1.0]",4,4,1.5,0.25,1.0,regression,1.0,2424,2.0,mixed,1,1,mixture,cubic,0.8903789919701472,0.2676044367187133,30.84594191483578,84.51118566807432
200,1000,1000,10,t_dist,3,mixture,cubic,10,"[1.0, 1.0, 1.0, 1.0, 1.0, 1.0, 1.0, 1.0]",4,4,1.5,0.75,0.5,regression,1.0,2426,2.0,mixed,1,1,mixture,cubic,2.7086624927318934,-0.1363872797373307,26.370334703350668,31.73348713313569
201,1000,1000,10,t_dist,3,mixture,cubic,10,"[1.0, 1.0, 1.0, 1.0, 1.0, 1.0, 1.0, 1.0]",4,4,1.5,0.75,1.0,regression,1.0,2428,2.0,mixed,1,1,mixture,cubic,2.793667147954918,-0.2726932320169932,368.002193035714,379.98430008931956
202,1000,1000,10,t_dist,3,support,cubic,10,"[1.0, 1.0, 1.0, 1.0, 1.0, 1.0, 1.0, 1.0]",4,4,1.5,0.25,0.5,regression,1.0,2430,2.0,mixed,1,1,support,cubic,0.23016748252917735,-0.04039792888637838,0.5195013635917916,0.8644423071868503
203,1000,1000,10,t_dist,3,support,cubic,10,"[1.0, 1.0, 1.0, 1.0, 1.0, 1.0, 1.0, 1.0]",4,4,1.5,0.25,1.0,regression,1.0,2432,2.0,mixed,1,1,support,cubic,0.25980897666087316,0.1382420403842263,0.9132755044153478,1.695077184284194
204,1000,1000,10,t_dist,3,support,cubic,10,"[1.0, 1.0, 1.0, 1.0, 1.0, 1.0, 1.0, 1.0]",4,4,1.5,0.75,0.5,regression,1.0,2434,2.0,mixed,1,1,support,cubic,0.2021511052906756,-0.01398442138873746,0.7086377473072016,1.7383517364278391
205,1000,1000,10,t_dist,3,support,cubic,10,"[1.0, 1.0, 1.0, 1.0, 1.0, 1.0, 1.0, 1.0]",4,4,1.5,0.75,1.0,regression,1.0,2436,2.0,mixed,1,1,support,cubic,0.19252818962127577,-0.09521139263669726,1.4028336476171477,3.3572940544500978
206,1000,1000,10,t_dist,3,eigenshift,cubic,10,"[1.0, 1.0, 1.0, 1.0, 1.0, 1.0, 1.0, 1.0]",4,4,1.5,0.25,0.5,regression,1.0,2438,2.0,mixed,1,1,eigenshift,cubic,0.44344478258591846,0.26109748576231473,0.3008928479251956,20.710986990533335
207,1000,1000,10,t_dist,3,eigenshift,cubic,10,"[1.0, 1.0, 1.0, 1.0, 1.0, 1.0, 1.0, 1.0]",4,4,1.5,0.25,1.0,regression,1.0,2440,2.0,mixed,1,1,eigenshift,cubic,0.3184493748061413,-0.33826811132571444,5.418195569820876,36.62111407898744
208,1000,1000,10,t_dist,3,none,cubic,10,"[1.0, 1.0, 1.0, 1.0, 1.0, 1.0, 1.0, 1.0]",4,4,1.5,0.0,0.5,regression,1.0,2442,2.0,concept_drift_only,0,1,none,cubic,0.2577018781595201,0.19174978453305783,-11.84535566123489,42.72931010683704
209,1000,1000,10,t_dist,3,none,cubic,10,"[1.0, 1.0, 1.0, 1.0, 1.0, 1.0, 1.0, 1.0]",4,4,1.5,0.0,1.0,regression,1.0,2444,2.0,concept_drift_only,0,1,none,cubic,0.3004483814186228,0.17963570659150244,-2.8933858142259012,74.59816951343159
210,1000,1000,10,t_dist,3,mean,interaction,10,"[1.0, 1.0, 1.0, 1.0, 1.0, 1.0, 1.0, 1.0]",4,4,1.5,0.5,0.25,regression,1.0,2446,2.0,mixed,1,1,mean,interaction,0.9207565110396587,-0.27440522677894535,2.4795872070800042,8.149224867612874
211,1000,1000,10,t_dist,3,mean,interaction,10,"[1.0, 1.0, 1.0, 1.0, 1.0, 1.0, 1.0, 1.0]",4,4,1.5,0.5,0.75,regression,1.0,2448,2.0,mixed,1,1,mean,interaction,1.0017808382793878,-0.0002789348172928285,-19.61743216896722,40.89494823488015
212,1000,1000,10,t_dist,3,mean,interaction,10,"[1.0, 1.0, 1.0, 1.0, 1.0, 1.0, 1.0, 1.0]",4,4,1.5,0.5,1.0,regression,1.0,2450,2.0,mixed,1,1,mean,interaction,0.9462643969989559,0.1645298692945369,0.3036942946131621,43.423920313281954
213,1000,1000,10,t_dist,3,mean,interaction,10,"[1.0, 1.0, 1.0, 1.0, 1.0, 1.0, 1.0, 1.0]",4,4,1.5,1.0,0.25,regression,1.0,2452,2.0,mixed,1,1,mean,interaction,1.9569791874326763,0.06675496508559417,1.215342723919672,10.841196060148281
214,1000,1000,10,t_dist,3,mean,interaction,10,"[1.0, 1.0, 1.0, 1.0, 1.0, 1.0, 1.0, 1.0]",4,4,1.5,1.0,0.75,regression,1.0,2454,2.0,mixed,1,1,mean,interaction,1.9489385513966642,-0.024855814139705643,6.4471726737792645,17.85613405942743
215,1000,1000,10,t_dist,3,mean,interaction,10,"[1.0, 1.0, 1.0, 1.0, 1.0, 1.0, 1.0, 1.0]",4,4,1.5,1.0,1.0,regression,1.0,2456,2.0,mixed,1,1,mean,interaction,1.8499436571316978,0.37017751386586567,13.065311919344744,43.26197349626055
216,1000,1000,10,t_dist,3,covariance,interaction,10,"[1.0, 1.0, 1.0, 1.0, 1.0, 1.0, 1.0, 1.0]",4,4,1.5,0.5,0.25,regression,1.0,2458,2.0,mixed,1,1,covariance,interaction,0.2096588420999515,0.08465610943726089,-2.0560416389568736,8.085333249103252
217,1000,1000,10,t_dist,3,covariance,interaction,10,"[1.0, 1.0, 1.0, 1.0, 1.0, 1.0, 1.0, 1.0]",4,4,1.5,0.5,0.75,regression,1.0,2460,2.0,mixed,1,1,covariance,interaction,0.41472863423875805,-0.42783472583923104,3.7326757877784362,21.09442670343652
218,1000,1000,10,t_dist,3,covariance,interaction,10,"[1.0, 1.0, 1.0, 1.0, 1.0, 1.0, 1.0, 1.0]",4,4,1.5,0.5,1.0,regression,1.0,2462,2.0,mixed,1,1,covariance,interaction,0.19742970105155105,0.14568147268292173,7.11888612317764,27.661473678466283
219,1000,1000,10,t_dist,3,covariance,interaction,10,"[1.0, 1.0, 1.0, 1.0, 1.0, 1.0, 1.0, 1.0]",4,4,1.5,1.0,0.25,regression,1.0,2464,2.0,mixed,1,1,covariance,interaction,0.1911520618562983,-0.248919930275504,-3.2087180861106437,8.400809550961291
220,1000,1000,10,t_dist,3,covariance,interaction,10,"[1.0, 1.0, 1.0, 1.0, 1.0, 1.0, 1.0, 1.0]",4,4,1.5,1.0,0.75,regression,1.0,2466,2.0,mixed,1,1,covariance,interaction,0.2259846341252097,0.04817772387955706,4.277400321545085,22.98838893044149
221,1000,1000,10,t_dist,3,covariance,interaction,10,"[1.0, 1.0, 1.0, 1.0, 1.0, 1.0, 1.0, 1.0]",4,4,1.5,1.0,1.0,regression,1.0,2468,2.0,mixed,1,1,covariance,interaction,0.24899059380969119,-0.35673246757987737,-10.297005411596837,39.243324115327106
222,1000,1000,10,t_dist,3,mixture,interaction,10,"[1.0, 1.0, 1.0, 1.0, 1.0, 1.0, 1.0, 1.0]",4,4,1.5,0.25,0.25,regression,1.0,2470,2.0,mixed,1,1,mixture,interaction,0.9418206588129613,0.0011056757344995703,1.4648274422791048,10.750034336305735
223,1000,1000,10,t_dist,3,mixture,interaction,10,"[1.0, 1.0, 1.0, 1.0, 1.0, 1.0, 1.0, 1.0]",4,4,1.5,0.25,0.75,regression,1.0,2472,2.0,mixed,1,1,mixture,interaction,0.8924559720587829,-0.27940499561631027,-12.80484123885589,43.88350666439942
224,1000,1000,10,t_dist,3,mixture,interaction,10,"[1.0, 1.0, 1.0, 1.0, 1.0, 1.0, 1.0, 1.0]",4,4,1.5,0.25,1.0,regression,1.0,2474,2.0,mixed,1,1,mixture,interaction,0.8139944715077165,0.2113659600428355,3.8728038943086034,30.521944976702603
225,1000,1000,10,t_dist,3,mixture,interaction,10,"[1.0, 1.0, 1.0, 1.0, 1.0, 1.0, 1.0, 1.0]",4,4,1.5,0.75,0.25,regression,1.0,2476,2.0,mixed,1,1,mixture,interaction,2.4088561037146707,-0.118361733797643,2.8493120229096274,18.007624645275357
226,1000,1000,10,t_dist,3,mixture,interaction,10,"[1.0, 1.0, 1.0, 1.0, 1.0, 1.0, 1.0, 1.0]",4,4,1.5,0.75,0.75,regression,1.0,2478,2.0,mixed,1,1,mixture,interaction,2.5836639189875426,-0.2762417149753768,27.88465804688059,78.92646453834345
227,1000,1000,10,t_dist,3,mixture,interaction,10,"[1.0, 1.0, 1.0, 1.0, 1.0, 1.0, 1.0, 1.0]",4,4,1.5,0.75,1.0,regression,1.0,2480,2.0,mixed,1,1,mixture,interaction,2.6636232918209357,-0.21328364638455696,47.783805373741394,138.15357991628767
228,1000,1000,10,t_dist,3,support,interaction,10,"[1.0, 1.0, 1.0, 1.0, 1.0, 1.0, 1.0, 1.0]",4,4,1.5,0.25,0.25,regression,1.0,2482,2.0,mixed,1,1,support,interaction,0.31009193118095585,-0.13597876942123593,-0.27138468071414046,2.908787879289735
229,1000,1000,10,t_dist,3,support,interaction,10,"[1.0, 1.0, 1.0, 1.0, 1.0, 1.0, 1.0, 1.0]",4,4,1.5,0.25,0.75,regression,1.0,2484,2.0,mixed,1,1,support,interaction,0.24049865834348913,-0.3185202505468391,-1.760871679392374,8.017070010229522
230,1000,1000,10,t_dist,3,support,interaction,10,"[1.0, 1.0, 1.0, 1.0, 1.0, 1.0, 1.0, 1.0]",4,4,1.5,0.25,1.0,regression,1.0,2486,2.0,mixed,1,1,support,interaction,0.21510038397207662,0.2673440023914743,3.5488771333342854,14.572604568321443
231,1000,1000,10,t_dist,3,support,interaction,10,"[1.0, 1.0, 1.0, 1.0, 1.0, 1.0, 1.0, 1.0]",4,4,1.5,0.75,0.25,regression,1.0,2488,2.0,mixed,1,1,support,interaction,0.3303988184723193,0.23695838472464006,0.11212974563632244,4.875509068432459
232,1000,1000,10,t_dist,3,support,interaction,10,"[1.0, 1.0, 1.0, 1.0, 1.0, 1.0, 1.0, 1.0]",4,4,1.5,0.75,0.75,regression,1.0,2490,2.0,mixed,1,1,support,interaction,0.20698365085653914,0.25715580796663084,6.622695816901292,20.572837738851632
233,1000,1000,10,t_dist,3,support,interaction,10,"[1.0, 1.0, 1.0, 1.0, 1.0, 1.0, 1.0, 1.0]",4,4,1.5,0.75,1.0,regression,1.0,2492,2.0,mixed,1,1,support,interaction,0.1935158654021304,-0.056712890979090616,0.039352517495821415,14.815534075432412
234,1000,1000,10,t_dist,3,eigenshift,interaction,10,"[1.0, 1.0, 1.0, 1.0, 1.0, 1.0, 1.0, 1.0]",4,4,1.5,0.25,0.25,regression,1.0,2494,2.0,mixed,1,1,eigenshift,interaction,0.4714311224646956,-0.44627303970938514,-6.342507717600818,21.00467843828872
235,1000,1000,10,t_dist,3,eigenshift,interaction,10,"[1.0, 1.0, 1.0, 1.0, 1.0, 1.0, 1.0, 1.0]",4,4,1.5,0.25,0.75,regression,1.0,2496,2.0,mixed,1,1,eigenshift,interaction,0.15132211794814096,-0.21939078113627636,9.817594729801552,27.9857977504644
236,1000,1000,10,t_dist,3,eigenshift,interaction,10,"[1.0, 1.0, 1.0, 1.0, 1.0, 1.0, 1.0, 1.0]",4,4,1.5,0.25,1.0,regression,1.0,2498,2.0,mixed,1,1,eigenshift,interaction,0.36701628909014766,-0.12455297655746299,-25.181437178927375,90.45187016684234
237,1000,1000,10,t_dist,3,none,interaction,10,"[1.0, 1.0, 1.0, 1.0, 1.0, 1.0, 1.0, 1.0]",4,4,1.5,0.0,0.25,regression,1.0,2500,2.0,concept_drift_only,0,1,none,interaction,0.32795766528910564,-0.19206421319450684,0.23862833309559073,5.712398277980387
238,1000,1000,10,t_dist,3,none,interaction,10,"[1.0, 1.0, 1.0, 1.0, 1.0, 1.0, 1.0, 1.0]",4,4,1.5,0.0,0.75,regression,1.0,2502,2.0,concept_drift_only,0,1,none,interaction,0.36375196485818617,-0.14596078996376233,11.73823159920222,40.719040518919776
239,1000,1000,10,t_dist,3,none,interaction,10,"[1.0, 1.0, 1.0, 1.0, 1.0, 1.0, 1.0, 1.0]",4,4,1.5,0.0,1.0,regression,1.0,2504,2.0,concept_drift_only,0,1,none,interaction,0.2883272197723235,-0.03454609359109449,0.2810161305783552,25.180930933535066
240,1000,1000,10,t_dist,3,mean,threshold,10,"[1.0, 1.0, 1.0, 1.0, 1.0, 1.0, 1.0, 1.0]",4,4,1.5,0.5,0.25,regression,1.0,2506,2.0,mixed,1,1,mean,threshold,1.2336686701622313,-0.38961689756650003,2.321025663324352,0.16825
241,1000,1000,10,t_dist,3,mean,threshold,10,"[1.0, 1.0, 1.0, 1.0, 1.0, 1.0, 1.0, 1.0]",4,4,1.5,0.5,0.75,regression,1.0,2508,2.0,mixed,1,1,mean,threshold,1.0803380240192304,0.11217799625415685,2.4345946673810457,0.48525
242,1000,1000,10,t_dist,3,mean,threshold,10,"[1.0, 1.0, 1.0, 1.0, 1.0, 1.0, 1.0, 1.0]",4,4,1.5,1.0,0.25,regression,1.0,2510,2.0,mixed,1,1,mean,threshold,2.0397413333593857,-0.17785365881648008,4.056683766016478,0.1975
243,1000,1000,10,t_dist,3,mean,threshold,10,"[1.0, 1.0, 1.0, 1.0, 1.0, 1.0, 1.0, 1.0]",4,4,1.5,1.0,0.75,regression,1.0,2512,2.0,mixed,1,1,mean,threshold,2.0553939855277608,0.10181139968218975,4.497712240918558,0.56775
244,1000,1000,10,t_dist,3,covariance,threshold,10,"[1.0, 1.0, 1.0, 1.0, 1.0, 1.0, 1.0, 1.0]",4,4,1.5,0.5,0.25,regression,1.0,2514,2.0,mixed,1,1,covariance,threshold,0.22847375274740983,-0.44865678565286377,-0.19895524112760687,0.122
245,1000,1000,10,t_dist,3,covariance,threshold,10,"[1.0, 1.0, 1.0, 1.0, 1.0, 1.0, 1.0, 1.0]",4,4,1.5,0.5,0.75,regression,1.0,2516,2.0,mixed,1,1,covariance,threshold,0.19301064012429348,0.13666829343580397,0.6023187057294112,0.3585
246,1000,1000,10,t_dist,3,covariance,threshold,10,"[1.0, 1.0, 1.0, 1.0, 1.0, 1.0, 1.0, 1.0]",4,4,1.5,1.0,0.25,regression,1.0,2518,2.0,mixed,1,1,covariance,threshold,0.31797242264294434,0.1539183756716863,0.028352077701119846,0.12375
247,1000,1000,10,t_dist,3,covariance,threshold,10,"[1.0, 1.0, 1.0, 1.0, 1.0, 1.0, 1.0, 1.0]",4,4,1.5,1.0,0.75,regression,1.0,2520,2.0,mixed,1,1,covariance,threshold,0.3175337177475582,-0.031164711545203738,0.7272902017066415,0.36975
248,1000,1000,10,t_dist,3,mixture,threshold,10,"[1.0, 1.0, 1.0, 1.0, 1.0, 1.0, 1.0, 1.0]",4,4,1.5,0.25,0.25,regression,1.0,2522,2.0,mixed,1,1,mixture,threshold,1.0306822574563816,-0.4447945805611014,1.506437661329317,0.14975
249,1000,1000,10,t_dist,3,mixture,threshold,10,"[1.0, 1.0, 1.0, 1.0, 1.0, 1.0, 1.0, 1.0]",4,4,1.5,0.25,0.75,regression,1.0,2524,2.0,mixed,1,1,mixture,threshold,0.9603960133167535,-0.1514017180758775,2.032210885262028,0.45
250,1000,1000,10,t_dist,3,mixture,threshold,10,"[1.0, 1.0, 1.0, 1.0, 1.0, 1.0, 1.0, 1.0]",4,4,1.5,0.75,0.25,regression,1.0,2526,2.0,mixed,1,1,mixture,threshold,2.663693552063053,-0.19863893534606808,4.650865440715152,0.1975
251,1000,1000,10,t_dist,3,mixture,threshold,10,"[1.0, 1.0, 1.0, 1.0, 1.0, 1.0, 1.0, 1.0]",4,4,1.5,0.75,0.75,regression,1.0,2528,2.0,mixed,1,1,mixture,threshold,2.6734323505407005,-0.026720471597871893,5.252439501696507,0.612
252,1000,1000,10,t_dist,3,support,threshold,10,"[1.0, 1.0, 1.0, 1.0, 1.0, 1.0, 1.0, 1.0]",4,4,1.5,0.25,0.25,regression,1.0,2530,2.0,mixed,1,1,support,threshold,0.24931819607733177,0.1315827876647878,-0.02244953668437748,0.12075
253,1000,1000,10,t_dist,3,support,threshold,10,"[1.0, 1.0, 1.0, 1.0, 1.0, 1.0, 1.0, 1.0]",4,4,1.5,0.25,0.75,regression,1.0,2532,2.0,mixed,1,1,support,threshold,0.3117745104866726,-0.31497933386460497,0.3320204368748112,0.3915
254,1000,1000,10,t_dist,3,support,threshold,10,"[1.0, 1.0, 1.0, 1.0, 1.0, 1.0, 1.0, 1.0]",4,4,1.5,0.75,0.25,regression,1.0,2534,2.0,mixed,1,1,support,threshold,0.27165258757978167,0.3252741476669349,0.011380172053414895,0.13025
255,1000,1000,10,t_dist,3,support,threshold,10,"[1.0, 1.0, 1.0, 1.0, 1.0, 1.0, 1.0, 1.0]",4,4,1.5,0.75,0.75,regression,1.0,2536,2.0,mixed,1,1,support,threshold,0.16177594373974952,-0.13036788736197608,0.5177673774552778,0.3885
256,1000,1000,10,t_dist,3,eigenshift,threshold,10,"[1.0, 1.0, 1.0, 1.0, 1.0, 1.0, 1.0, 1.0]",4,4,1.5,0.25,0.25,regression,1.0,2538,2.0,mixed,1,1,eigenshift,threshold,0.35550794360432214,0.09125798781503944,0.2551220908933644,0.12375
257,1000,1000,10,t_dist,3,eigenshift,threshold,10,"[1.0, 1.0, 1.0, 1.0, 1.0, 1.0, 1.0, 1.0]",4,4,1.5,0.25,0.75,regression,1.0,2540,2.0,mixed,1,1,eigenshift,threshold,0.3151650638921575,0.2835179328426325,0.4668467065898498,0.387
258,1000,1000,10,t_dist,3,none,threshold,10,"[1.0, 1.0, 1.0, 1.0, 1.0, 1.0, 1.0, 1.0]",4,4,1.5,0.0,0.25,regression,1.0,2542,2.0,concept_drift_only,0,1,none,threshold,0.29482972669615454,-0.13876139300073367,0.09057628131922521,0.12875
259,1000,1000,10,t_dist,3,none,threshold,10,"[1.0, 1.0, 1.0, 1.0, 1.0, 1.0, 1.0, 1.0]",4,4,1.5,0.0,0.75,regression,1.0,2544,2.0,concept_drift_only,0,1,none,threshold,0.33697207975564625,0.11534569163495627,0.2818701793020576,0.37875
