cooling_preset,policy,config_id,batch_index,cum_regret_mean,cum_regret_std,cum_regret_lower,cum_regret_upper,n_repeats
scale_default,Epsilon_Greedy,epsilon=0.15,0,0.11260200102917584,0.07462865959094767,0.03797334143822817,0.1872306606201235,3
scale_default,Epsilon_Greedy,epsilon=0.15,1,0.18380676502638182,0.12740563050025386,0.056401134526127966,0.3112123955266357,3
scale_default,Epsilon_Greedy,epsilon=0.15,2,0.3144637254327284,0.21373166421808618,0.1007320612146422,0.5281953896508146,3
scale_default,Epsilon_Greedy,epsilon=0.15,3,0.3925433541993664,0.2720924385087078,0.12045091569065863,0.6646357927080742,3
scale_default,Epsilon_Greedy,epsilon=0.15,4,0.5143554068244693,0.3640927235702501,0.15026268325421926,0.8784481303947194,3
scale_default,Epsilon_Greedy,epsilon=0.15,5,0.6045942225763593,0.4285218675384629,0.17607235503789642,1.0331160901148222,3
scale_default,Epsilon_Greedy,epsilon=0.15,6,0.6237815194710756,0.4364247433033601,0.1873567761677155,1.0602062627744357,3
scale_default,Epsilon_Greedy,epsilon=0.15,7,0.6492416181407065,0.4282985709960114,0.2209430471446951,1.0775401891367178,3
scale_default,Epsilon_Greedy,epsilon=0.15,8,0.6604320355473137,0.42091449267413156,0.2395175428731821,1.0813465282214452,3
scale_default,Epsilon_Greedy,epsilon=0.15,9,0.6718598295498003,0.42065803888248543,0.25120179066731485,1.0925178684322856,3
scale_default,Epsilon_Greedy,epsilon=0.15,10,0.6871692675480993,0.4125037972057673,0.27466547034233196,1.0996730647538666,3
scale_default,Epsilon_Greedy,epsilon=0.15,11,0.6945774344894559,0.41905811005544846,0.2755193244340074,1.1136355445449042,3
scale_default,Epsilon_Greedy,epsilon=0.15,12,0.7057776909488104,0.42574720306978364,0.28003048787902673,1.131524894018594,3
scale_default,Epsilon_Greedy,epsilon=0.15,13,0.720214361156439,0.4267287298396038,0.2934856313168352,1.1469430909960427,3
scale_default,Epsilon_Greedy,epsilon=0.15,14,0.7335967314552265,0.4299745656989619,0.3036221657562646,1.1635712971541885,3
scale_default,Epsilon_Greedy,epsilon=0.15,15,0.758491317716706,0.4451544936246577,0.31333682409204827,1.2036458113413637,3
scale_default,Epsilon_Greedy,epsilon=0.15,16,0.7653116865896269,0.4520232098946503,0.3132884766949766,1.2173348964842772,3
scale_default,Epsilon_Greedy,epsilon=0.15,17,0.7790215051786772,0.4611311233170871,0.3178903818615901,1.2401526284957642,3
scale_default,Epsilon_Greedy,epsilon=0.15,18,0.8058792732710778,0.4892531302780735,0.3166261429930043,1.2951324035491512,3
scale_default,Epsilon_Greedy,epsilon=0.15,19,0.811826285044364,0.4930603565992984,0.3187659284450656,1.3048866416436624,3
scale_default,Epsilon_Greedy,epsilon=0.15,20,0.8331654879149147,0.502506435617297,0.3306590522976177,1.3356719235322116,3
scale_default,Epsilon_Greedy,epsilon=0.15,21,0.8381291260227256,0.5080006462490724,0.3301284797736532,1.346129772271798,3
scale_default,Epsilon_Greedy,epsilon=0.15,22,0.8446054952951013,0.5115747842564063,0.33303071103869497,1.3561802795515077,3
scale_default,Epsilon_Greedy,epsilon=0.15,23,0.8939702898444963,0.527991490587812,0.3659787992566843,1.4219617804323084,3
scale_default,Epsilon_Greedy,epsilon=0.15,24,0.8989268177738542,0.5306074690347472,0.368319348739107,1.4295342868086014,3
scale_default,Epsilon_Greedy,epsilon=0.15,25,0.9157882286961452,0.5475563493363006,0.3682318793598446,1.4633445780324457,3
scale_default,Epsilon_Greedy,epsilon=0.15,26,0.9346066718124661,0.5577793893197032,0.376827282492763,1.4923860611321693,3
scale_default,Epsilon_Greedy,epsilon=0.15,27,0.9438663883702952,0.5683726973685146,0.37549369100178065,1.51223908573881,3
scale_default,Epsilon_Greedy,epsilon=0.15,28,0.9685636053759937,0.5501503305317479,0.41841327484424584,1.5187139359077415,3
scale_default,Epsilon_Greedy,epsilon=0.15,29,0.9768195673538097,0.5561185333046579,0.4207010340491518,1.5329381006584675,3
scale_default,Epsilon_Greedy,epsilon=0.15,30,0.9854827837347274,0.5550398848122701,0.43044289892245735,1.5405226685469975,3
scale_default,Epsilon_Greedy,epsilon=0.15,31,0.9939646092798018,0.5610604660149175,0.43290414326488424,1.5550250752947194,3
scale_default,Epsilon_Greedy,epsilon=0.15,32,0.9978836747901915,0.5643667776424964,0.43351689714769504,1.562250452432688,3
scale_default,Epsilon_Greedy,epsilon=0.15,33,1.0041741931616022,0.568914044217489,0.43526014894411313,1.5730882373790913,3
scale_default,Epsilon_Greedy,epsilon=0.15,34,1.0135634589324347,0.5780536601598202,0.43550979877261453,1.591617119092255,3
scale_default,Epsilon_Greedy,epsilon=0.15,35,1.0217449231810638,0.580306639202483,0.44143828397858076,1.6020515623835467,3
scale_default,Epsilon_Greedy,epsilon=0.15,36,1.0950157435600403,0.4939058405401488,0.6011099030198914,1.5889215841001891,3
scale_default,Epsilon_Greedy,epsilon=0.15,37,1.1022097359996563,0.48454385069026734,0.617665885309389,1.5867535866899236,3
scale_default,Epsilon_Greedy,epsilon=0.15,38,1.1380185822900628,0.5252847942132213,0.6127337880768415,1.663303376503284,3
scale_default,Epsilon_Greedy,epsilon=0.15,39,1.1440591980601234,0.5286858661953021,0.6153733318648212,1.6727450642554254,3
scale_default,Epsilon_Greedy,epsilon=0.15,40,1.1509668780413895,0.5324905048804698,0.6184763731609197,1.6834573829218593,3
scale_default,Epsilon_Greedy,epsilon=0.15,41,1.1799315802578763,0.5406508417647296,0.6392807384931467,1.7205824220226058,3
scale_default,Epsilon_Greedy,epsilon=0.15,42,1.1916857466433528,0.5445371986860457,0.6471485479573071,1.7362229453293985,3
scale_default,Epsilon_Greedy,epsilon=0.15,43,1.2012601482054857,0.5482979236638202,0.6529622245416654,1.749558071869306,3
scale_default,Epsilon_Greedy,epsilon=0.15,44,1.2059143193402517,0.5533309218649034,0.6525833974753483,1.7592452412051551,3
scale_default,Epsilon_Greedy,epsilon=0.15,45,1.221205974372731,0.5519779629645074,0.6692280114082236,1.7731839373372384,3
scale_default,Epsilon_Greedy,epsilon=0.15,46,1.2557515675513218,0.5693324271698788,0.686419140381443,1.8250839947212005,3
scale_default,Epsilon_Greedy,epsilon=0.15,47,1.2816890377481625,0.5847749344598618,0.6969141032883006,1.8664639722080243,3
scale_default,Epsilon_Greedy,epsilon=0.15,48,1.2984842870060962,0.5950175845358802,0.703466702470216,1.8935018715419765,3
scale_default,Epsilon_Greedy,epsilon=0.15,49,1.3061347549814613,0.5892372753519776,0.7168974796294837,1.895372030333439,3
scale_default,Epsilon_Greedy,epsilon=0.15,50,1.319580405508563,0.5839188875099859,0.735661517998577,1.9034992930185488,3
scale_default,Epsilon_Greedy,epsilon=0.15,51,1.3301948364838658,0.585778110209067,0.7444167262747988,1.915972946692933,3
scale_default,Epsilon_Greedy,epsilon=0.15,52,1.3348839016411007,0.5796825071434943,0.7552013944976064,1.914566408784595,3
scale_default,Epsilon_Greedy,epsilon=0.15,53,1.340930644638549,0.5823084423184239,0.758622202320125,1.9232390869569729,3
scale_default,Epsilon_Greedy,epsilon=0.15,54,1.3515792593620108,0.5818015734460917,0.7697776859159191,1.9333808328081026,3
scale_default,Epsilon_Greedy,epsilon=0.15,55,1.3710885484758908,0.5855749892530066,0.7855135592228842,1.9566635377288972,3
scale_default,Epsilon_Greedy,epsilon=0.15,56,1.3757265314325486,0.5795978414856109,0.7961286899469378,1.9553243729181595,3
scale_default,Epsilon_Greedy,epsilon=0.15,57,1.3793009969255585,0.5768638994499454,0.8024370974756131,1.9561648963755038,3
scale_default,Epsilon_Greedy,epsilon=0.15,58,1.3926104947279303,0.5680545453143072,0.8245559494136231,1.9606650400422376,3
scale_default,Epsilon_Greedy,epsilon=0.15,59,1.4045773277689795,0.5658825030704555,0.838694824698524,1.970459830839435,3
scale_default,Epsilon_Greedy,epsilon=0.15,60,1.4157628591523264,0.5670259541844728,0.8487369049678536,1.982788813336799,3
scale_default,Epsilon_Greedy,epsilon=0.15,61,1.4165576090427991,0.5671005974422091,0.8494570116005901,1.9836582064850083,3
scale_default,Epsilon_Greedy,epsilon=0.15,62,1.4278561655855573,0.577233847630697,0.8506223179548603,2.0050900132162544,3
scale_default,Epsilon_Greedy,epsilon=0.15,63,1.4329874466624475,0.5805515417924414,0.8524359048700061,2.013538988454889,3
scale_default,Epsilon_Greedy,epsilon=0.15,64,1.4378109227932294,0.5843697778024591,0.8534411449907703,2.0221807005956887,3
scale_default,Epsilon_Greedy,epsilon=0.15,65,1.4446997883268444,0.5861826640694437,0.8585171242574007,2.030882452396288,3
scale_default,Epsilon_Greedy,epsilon=0.15,66,1.4473417921719995,0.5889306130758354,0.8584111790961642,2.0362724052478347,3
scale_default,Epsilon_Greedy,epsilon=0.15,67,1.4521405140345844,0.5890149962808929,0.8631255177536915,2.0411555103154773,3
scale_default,Epsilon_Greedy,epsilon=0.15,68,1.4546206608889996,0.5909122845250302,0.8637083763639694,2.04553294541403,3
scale_default,Epsilon_Greedy,epsilon=0.15,69,1.483716250082667,0.619394789176963,0.864321460905704,2.10311103925963,3
scale_default,Epsilon_Greedy,epsilon=0.15,70,1.494122488185874,0.6185081936444199,0.875614294541454,2.112630681830294,3
scale_default,Epsilon_Greedy,epsilon=0.15,71,1.5014317421598282,0.6143187799467613,0.8871129622130669,2.1157505221065893,3
scale_default,Epsilon_Greedy,epsilon=0.15,72,1.5142598222884203,0.6114545701459987,0.9028052521424216,2.125714392434419,3
scale_default,Epsilon_Greedy,epsilon=0.15,73,1.5180785948404065,0.6063003470078859,0.9117782478325206,2.1243789418482923,3
scale_default,Epsilon_Greedy,epsilon=0.15,74,1.5682182066257724,0.626673489066382,0.9415447175593904,2.1948916956921543,3
scale_default,Epsilon_Greedy,epsilon=0.15,75,1.5808194734886183,0.619896865756776,0.9609226077318422,2.2007163392453943,3
scale_default,Epsilon_Greedy,epsilon=0.15,76,1.5849415662613848,0.6153958838237945,0.9695456824375903,2.200337450085179,3
scale_default,Epsilon_Greedy,epsilon=0.15,77,1.592558639544946,0.6148296198427713,0.9777290197021747,2.2073882593877174,3
scale_default,Epsilon_Greedy,epsilon=0.15,78,1.651847295457148,0.6690227839416445,0.9828245115155034,2.3208700793987926,3
scale_default,Epsilon_Greedy,epsilon=0.15,79,1.6578959856357318,0.6746516212387044,0.9832443643970274,2.332547606874436,3
scale_default,Epsilon_Greedy,epsilon=0.15,80,1.6660701279329988,0.6757206215259923,0.9903495064070065,2.3417907494589913,3
scale_default,Epsilon_Greedy,epsilon=0.15,81,1.6692959847384952,0.6774911197912914,0.9918048649472038,2.3467871045297866,3
scale_default,Epsilon_Greedy,epsilon=0.15,82,1.6740201324458839,0.6819048794175819,0.992115253028302,2.355925011863466,3
scale_default,Epsilon_Greedy,epsilon=0.15,83,1.6824941597409104,0.6820056855806661,1.0004884741602442,2.3644998453215766,3
scale_default,Epsilon_Greedy,epsilon=0.15,84,1.6858260630468251,0.6829219707543395,1.0029040922924857,2.3687480338011646,3
scale_default,Epsilon_Greedy,epsilon=0.15,85,1.6975154129533834,0.6684730378499025,1.0290423751034807,2.365988450803286,3
scale_default,Epsilon_Greedy,epsilon=0.15,86,1.7176127204280451,0.6890056634901626,1.0286070569378825,2.406618383918208,3
scale_default,Epsilon_Greedy,epsilon=0.15,87,1.7209767542562198,0.6918956798736849,1.029081074382535,2.4128724341299046,3
scale_default,Epsilon_Greedy,epsilon=0.15,88,1.729956564893711,0.687043302861009,1.042913262032702,2.41699986775472,3
scale_default,Epsilon_Greedy,epsilon=0.15,89,1.7371204940919396,0.6911538368963617,1.045966657195578,2.4282743309883013,3
scale_default,Epsilon_Greedy,epsilon=0.15,90,1.745537938256039,0.6926263323264924,1.0529116059295465,2.4381642705825315,3
scale_default,Epsilon_Greedy,epsilon=0.15,91,1.7756177840992466,0.6877092142459948,1.0879085698532518,2.4633269983452415,3
scale_default,Epsilon_Greedy,epsilon=0.15,92,1.782233755249812,0.6861833786617731,1.096050376588039,2.468417133911585,3
scale_default,Epsilon_Greedy,epsilon=0.15,93,1.7900103495595456,0.6943632336809585,1.0956471158785872,2.484373583240504,3
scale_default,Epsilon_Greedy,epsilon=0.15,94,1.8464466890055193,0.677420428125256,1.1690262608802633,2.5238671171307754,3
scale_default,Epsilon_Greedy,epsilon=0.15,95,1.851443846364812,0.6693804942031693,1.1820633521616428,2.520824340567981,3
scale_default,Epsilon_Greedy,epsilon=0.15,96,1.85399842296666,0.6700716515617767,1.1839267714048831,2.524070074528437,3
scale_default,Epsilon_Greedy,epsilon=0.15,97,1.8660323574755981,0.6659796144320295,1.2000527430435688,2.5320119719076275,3
scale_default,Epsilon_Greedy,epsilon=0.15,98,1.873850553270622,0.6696630289893434,1.2041875242812785,2.5435135822599655,3
scale_default,Epsilon_Greedy,epsilon=0.15,99,1.891080738935294,0.6728794016890349,1.218201337246259,2.563960140624329,3
scale_default,Epsilon_Greedy,epsilon=0.15,100,1.896225259799366,0.6779473553070683,1.2182779044922978,2.574172615106434,3
scale_default,Epsilon_Greedy,epsilon=0.15,101,1.9086357221138268,0.6878672058697815,1.2207685162440454,2.5965029279836083,3
scale_default,Epsilon_Greedy,epsilon=0.15,102,1.9238204424509224,0.6883625047949926,1.2354579376559298,2.6121829472459153,3
scale_default,Epsilon_Greedy,epsilon=0.15,103,1.934706833346355,0.6890559684441321,1.245650864902223,2.623762801790487,3
scale_default,Epsilon_Greedy,epsilon=0.15,104,1.9444593910401842,0.6854425224607124,1.2590168685794718,2.6299019135008965,3
scale_default,Epsilon_Greedy,epsilon=0.15,105,1.9602051713684263,0.6913185484580393,1.268886622910387,2.6515237198264656,3
scale_default,Epsilon_Greedy,epsilon=0.15,106,1.9631200928116765,0.6927168766035181,1.2704032162081584,2.6558369694151946,3
scale_default,Epsilon_Greedy,epsilon=0.15,107,1.9631200928116765,0.6927168766035181,1.2704032162081584,2.6558369694151946,3
scale_default,Epsilon_Greedy,epsilon=0.15,108,1.9798985101542612,0.703017244744763,1.2768812654094983,2.682915754899024,3
scale_default,Epsilon_Greedy,epsilon=0.15,109,1.9924362422256017,0.715051918311729,1.2773843239138727,2.7074881605373307,3
scale_default,Epsilon_Greedy,epsilon=0.15,110,2.0081122312267783,0.7229726170811002,1.2851396141456781,2.7310848483078782,3
scale_default,Epsilon_Greedy,epsilon=0.15,111,2.0109869948881305,0.7219100975375572,1.2890768973505733,2.732897092425688,3
scale_default,Epsilon_Greedy,epsilon=0.15,112,2.019442839452634,0.729023756140953,1.2904190833116806,2.748466595593587,3
scale_default,Epsilon_Greedy,epsilon=0.15,113,2.027027584489458,0.7293908682971515,1.2976367161923066,2.7564184527866096,3
scale_default,Epsilon_Greedy,epsilon=0.15,114,2.039633884198377,0.717079665400932,1.3225542187974448,2.756713549599309,3
scale_default,Epsilon_Greedy,epsilon=0.15,115,2.06576724314923,0.739975404844495,1.3257918383047351,2.8057426479937253,3
scale_default,Epsilon_Greedy,epsilon=0.15,116,2.0707020114777506,0.7439689278754198,1.3267330836023308,2.8146709393531704,3
scale_default,Epsilon_Greedy,epsilon=0.15,117,2.0905752813556853,0.7274580934541877,1.3631171879014976,2.8180333748098727,3
scale_default,Epsilon_Greedy,epsilon=0.15,118,2.0970298582807128,0.7331002122657096,1.363929646015003,2.8301300705464225,3
scale_default,Epsilon_Greedy,epsilon=0.15,119,2.0974782440305435,0.7333778373777233,1.3641004066528202,2.8308560814082666,3
scale_default,Epsilon_Greedy,epsilon=0.15,120,2.1026450365010176,0.7277855544784284,1.3748594820225892,2.830430590979446,3
scale_default,Epsilon_Greedy,epsilon=0.15,121,2.109218542248483,0.7320306018067732,1.3771879404417096,2.841249144055256,3
scale_default,Epsilon_Greedy,epsilon=0.15,122,2.1191765914684884,0.7319172424540579,1.3872593490144305,2.8510938339225462,3
scale_default,Epsilon_Greedy,epsilon=0.15,123,2.1376908558069236,0.7132175133733922,1.4244733424335314,2.850908369180316,3
scale_default,Epsilon_Greedy,epsilon=0.15,124,2.141935155512821,0.7114007408214966,1.4305344146913244,2.8533358963343174,3
scale_default,Epsilon_Greedy,epsilon=0.15,125,2.1534347914013163,0.7078657710751036,1.4455690203262126,2.86130056247642,3
scale_default,Epsilon_Greedy,epsilon=0.15,126,2.1592113910750084,0.7132443794749842,1.445967011600024,2.8724557705499927,3
scale_default,Epsilon_Greedy,epsilon=0.15,127,2.1685292825705225,0.7004363014947627,1.4680929810757597,2.8689655840652852,3
scale_default,Epsilon_Greedy,epsilon=0.15,128,2.169604897561299,0.7014095620708424,1.4681953354904569,2.8710144596321414,3
scale_default,Epsilon_Greedy,epsilon=0.15,129,2.170487308269769,0.7022867752788747,1.468200532990894,2.8727740835486437,3
scale_default,Epsilon_Greedy,epsilon=0.15,130,2.1921315421784455,0.7245409040055976,1.4675906381728479,2.916672446184043,3
scale_default,Epsilon_Greedy,epsilon=0.15,131,2.231855642402653,0.7493112176828889,1.4825444247197643,2.9811668600855423,3
scale_default,Epsilon_Greedy,epsilon=0.15,132,2.231855642402653,0.7493112176828889,1.4825444247197643,2.9811668600855423,3
scale_default,Epsilon_Greedy,epsilon=0.15,133,2.2332029222786187,0.7472563082536301,1.4859466140249886,2.980459230532249,3
scale_default,Epsilon_Greedy,epsilon=0.15,134,2.2382655138761565,0.7446990205974445,1.493566493278712,2.982964534473601,3
scale_default,Epsilon_Greedy,epsilon=0.15,135,2.2442942956164718,0.7375631408715716,1.5067311547449003,2.9818574364880432,3
scale_default,Epsilon_Greedy,epsilon=0.15,136,2.247669179548507,0.7408703314465167,1.5067988481019903,2.9885395109950235,3
scale_default,Epsilon_Greedy,epsilon=0.15,137,2.252990211829325,0.7399356996921097,1.5130545121372152,2.9929259115214344,3
scale_default,Epsilon_Greedy,epsilon=0.15,138,2.261289649402785,0.737523310356883,1.523766339045902,2.998812959759668,3
scale_default,Epsilon_Greedy,epsilon=0.15,139,2.3393369985511643,0.7853428460910649,1.5539941524600995,3.124679844642229,3
scale_default,Epsilon_Greedy,epsilon=0.15,140,2.3498728435856058,0.781572390410683,1.5683004531749227,3.131445233996289,3
scale_default,Epsilon_Greedy,epsilon=0.15,141,2.355967140836759,0.7779972317866849,1.5779699090500738,3.133964372623444,3
scale_default,Epsilon_Greedy,epsilon=0.15,142,2.3609869799565044,0.7821520012752362,1.578834978681268,3.1431389812317407,3
scale_default,Epsilon_Greedy,epsilon=0.15,143,2.4022150102115227,0.7140554220990544,1.6881595881124682,3.116270432310577,3
scale_default,Epsilon_Greedy,epsilon=0.15,144,2.410716388760585,0.714751184455996,1.695965204304589,3.125467573216581,3
scale_default,Epsilon_Greedy,epsilon=0.15,145,2.4820314844404487,0.6053065704553909,1.8767249139850577,3.08733805489584,3
scale_default,Epsilon_Greedy,epsilon=0.15,146,2.489582172479704,0.6035850299071195,1.8859971425725843,3.093167202386823,3
scale_default,Epsilon_Greedy,epsilon=0.15,147,2.497704892225594,0.5955310576267748,1.9021738345988193,3.0932359498523687,3
scale_default,Epsilon_Greedy,epsilon=0.15,148,2.5156410018461517,0.6108555846623135,1.904785417183838,3.1264965865084653,3
scale_default,Epsilon_Greedy,epsilon=0.15,149,2.5475813710099255,0.5648697532269732,1.9827116177829525,3.1124511242368986,3
scale_default,Epsilon_Greedy,epsilon=0.15,150,2.5569892994946755,0.5715903010021051,1.9853989984925704,3.1285796004967805,3
scale_default,Epsilon_Greedy,epsilon=0.15,151,2.5730853902767135,0.5715484361507178,2.0015369541259957,3.144633826427431,3
scale_default,Epsilon_Greedy,epsilon=0.15,152,2.581963979113297,0.5740074951657944,2.0079564839475026,3.1559714742790916,3
scale_default,Epsilon_Greedy,epsilon=0.15,153,2.588071463590726,0.5792904853230813,2.008780978267645,3.167361948913807,3
scale_default,Epsilon_Greedy,epsilon=0.15,154,2.5995202136541704,0.5886816934621947,2.010838520191976,3.188201907116365,3
scale_default,Epsilon_Greedy,epsilon=0.15,155,2.6073771206275915,0.5857605346195052,2.0216165860080864,3.1931376552470967,3
scale_default,Epsilon_Greedy,epsilon=0.15,156,2.6114382407763244,0.5854788584898434,2.025959382286481,3.1969170992661677,3
scale_default,Epsilon_Greedy,epsilon=0.15,157,2.6129284725078445,0.5868123516066471,2.0261161209011975,3.1997408241144916,3
scale_default,Epsilon_Greedy,epsilon=0.15,158,2.618114911890529,0.5847541990750867,2.0333607128154423,3.202869110965616,3
scale_default,Epsilon_Greedy,epsilon=0.15,159,2.6182858440760532,0.5849094074355762,2.033376436640477,3.2031952515116293,3
scale_default,Epsilon_Greedy,epsilon=0.15,160,2.6719027437703886,0.6304290449916419,2.0414736987787467,3.3023317887620305,3
scale_default,Epsilon_Greedy,epsilon=0.15,161,2.7247435829852193,0.5509581369683383,2.173785446016881,3.275701719953558,3
scale_default,Epsilon_Greedy,epsilon=0.15,162,2.7249823775319153,0.5511635919624872,2.173818785569428,3.2761459694944026,3
scale_default,Epsilon_Greedy,epsilon=0.15,163,2.7286411763428426,0.5526271427998873,2.1760140335429554,3.28126831914273,3
scale_default,Epsilon_Greedy,epsilon=0.15,164,2.7470859680194564,0.5688735447296699,2.1782124232897866,3.315959512749126,3
scale_default,Epsilon_Greedy,epsilon=0.15,165,2.750055937781537,0.5713477175851862,2.178708220196351,3.321403655366723,3
scale_default,Epsilon_Greedy,epsilon=0.15,166,2.7601939077649718,0.5800903699501658,2.180103537814806,3.3402842777151376,3
scale_default,Epsilon_Greedy,epsilon=0.15,167,2.7611195947779854,0.5808625641538959,2.1802570306240896,3.341982158931881,3
scale_default,Epsilon_Greedy,epsilon=0.15,168,2.765232101207189,0.5801427560443674,2.1850893451628215,3.3453748572515565,3
scale_default,Epsilon_Greedy,epsilon=0.15,169,2.769097565615103,0.5835066694962031,2.1855908961189,3.3526042351113063,3
scale_default,Epsilon_Greedy,epsilon=0.15,170,2.7714682223032443,0.5856660479245827,2.1858021743786615,3.357134270227827,3
scale_default,Epsilon_Greedy,epsilon=0.15,171,2.77522176803986,0.5791683286879642,2.196053439351896,3.354390096727824,3
scale_default,Epsilon_Greedy,epsilon=0.15,172,2.792598304669813,0.5840742207183356,2.2085240839514775,3.376672525388148,3
scale_default,Epsilon_Greedy,epsilon=0.15,173,2.8014891643246282,0.5815028078275416,2.2199863564970865,3.38299197215217,3
scale_default,Epsilon_Greedy,epsilon=0.15,174,2.820417693733773,0.5878095389111879,2.232608154822585,3.408227232644961,3
scale_default,Epsilon_Greedy,epsilon=0.15,175,2.824837575765397,0.5913548676254253,2.233482708139972,3.4161924433908224,3
scale_default,Epsilon_Greedy,epsilon=0.15,176,2.8347085002272165,0.6013653151043727,2.233343185122844,3.4360738153315893,3
scale_default,Epsilon_Greedy,epsilon=0.15,177,2.847540214946564,0.6010638469327433,2.2464763680138207,3.4486040618793075,3
scale_default,Epsilon_Greedy,epsilon=0.15,178,2.8515281849982137,0.595924828100104,2.2556033568981095,3.447453013098318,3
scale_default,Epsilon_Greedy,epsilon=0.15,179,2.8581746996290325,0.5942795675373957,2.263895132091637,3.452454267166428,3
scale_default,Epsilon_Greedy,epsilon=0.15,180,2.8661029676053964,0.5869393245765033,2.279163643028893,3.4530422921819,3
scale_default,Epsilon_Greedy,epsilon=0.15,181,2.8667995048846735,0.5876546666262925,2.279144838258381,3.454454171510966,3
scale_default,Epsilon_Greedy,epsilon=0.15,182,2.86846932376582,0.5888179204666089,2.2796514032992112,3.457287244232429,3
scale_default,Epsilon_Greedy,epsilon=0.15,183,2.8716313657044306,0.591933413719119,2.2796979519853116,3.4635647794235496,3
scale_default,Epsilon_Greedy,epsilon=0.15,184,2.8743129689697544,0.591436457554638,2.2828765114151164,3.4657494265243924,3
scale_default,Epsilon_Greedy,epsilon=0.15,185,2.8801233055884974,0.5905397861022609,2.2895835194862366,3.470663091690758,3
scale_default,Epsilon_Greedy,epsilon=0.15,186,2.888938172229789,0.5897383896253919,2.299199782604397,3.478676561855181,3
scale_default,Epsilon_Greedy,epsilon=0.15,187,2.891553429233189,0.5919310760468127,2.2996223531863764,3.4834845052800016,3
scale_default,Epsilon_Greedy,epsilon=0.15,188,2.905116398063896,0.5989329236569482,2.306183474406948,3.5040493217208444,3
scale_default,Epsilon_Greedy,epsilon=0.15,189,2.9204053355878403,0.6024326847739908,2.3179726508138496,3.522838020361831,3
scale_default,Epsilon_Greedy,epsilon=0.15,190,2.9233399976321235,0.6013173249930662,2.3220226726390574,3.5246573226251896,3
scale_default,Epsilon_Greedy,epsilon=0.15,191,2.9278655628028907,0.6051543887889811,2.3227111740139095,3.533019951591872,3
scale_default,Epsilon_Greedy,epsilon=0.15,192,2.933544359108477,0.602150627928978,2.331393731179499,3.535694987037455,3
scale_default,Epsilon_Greedy,epsilon=0.15,193,2.935824890857719,0.6041555851712137,2.331669305686505,3.5399804760289326,3
scale_default,Epsilon_Greedy,epsilon=0.15,194,2.9365465824768613,0.6031091326265638,2.3334374498502974,3.539655715103425,3
scale_default,Epsilon_Greedy,epsilon=0.15,195,2.9450448686453554,0.6094147689350445,2.3356300997103108,3.5544596375804,3
scale_default,Epsilon_Greedy,epsilon=0.15,196,2.97492286306813,0.6217080967529887,2.3532147663151415,3.596630959821119,3
scale_default,Epsilon_Greedy,epsilon=0.15,197,2.985996969886102,0.6171031798100144,2.368893790076088,3.6031001496961164,3
scale_default,Epsilon_Greedy,epsilon=0.15,198,2.99594077315334,0.6168242182735221,2.379116554879818,3.6127649914268622,3
scale_default,Epsilon_Greedy,epsilon=0.15,199,3.027217817633043,0.6313632010623634,2.3958546165706793,3.6585810186954064,3
scale_default,Epsilon_Greedy,epsilon=0.15,200,3.2534979315658283,0.612502484095065,2.6409954474707633,3.8660004156608934,3
scale_default,Epsilon_Greedy,epsilon=0.15,201,3.3612706250490625,0.6116234445300872,2.7496471805189753,3.9728940695791497,3
scale_default,Epsilon_Greedy,epsilon=0.15,202,3.5823809533027546,0.6268252618065366,2.955555691496218,4.209206215109291,3
scale_default,Epsilon_Greedy,epsilon=0.15,203,3.6317845374565874,0.6064744213900108,3.0253101160665765,4.238258958846599,3
scale_default,Epsilon_Greedy,epsilon=0.15,204,3.795181894455689,0.7036767297761434,3.0915051646795457,4.498858624231833,3
scale_default,Epsilon_Greedy,epsilon=0.15,205,4.106183855322053,0.6806210639305751,3.425562791391478,4.786804919252628,3
scale_default,Epsilon_Greedy,epsilon=0.15,206,4.359872129276965,0.7653813430624556,3.59449078621451,5.125253472339421,3
scale_default,Epsilon_Greedy,epsilon=0.15,207,4.575128979182412,0.7358823773601849,3.839246601822227,5.311011356542597,3
scale_default,Epsilon_Greedy,epsilon=0.15,208,4.682322270051603,0.6946390962417096,3.9876831738098937,5.376961366293313,3
scale_default,Epsilon_Greedy,epsilon=0.15,209,4.90286775691182,0.5377963687442954,4.365071388167524,5.440664125656116,3
scale_default,Epsilon_Greedy,epsilon=0.15,210,5.095212900975454,0.5416315911297516,4.553581309845702,5.636844492105206,3
scale_default,Epsilon_Greedy,epsilon=0.15,211,5.2869180945976675,0.6519053284418462,4.635012766155821,5.938823423039514,3
scale_default,Epsilon_Greedy,epsilon=0.15,212,5.463824856287535,0.7299609871344402,4.733863869153095,6.193785843421975,3
scale_default,Epsilon_Greedy,epsilon=0.15,213,5.5788592699538855,0.6569531902538893,4.921906079699996,6.235812460207775,3
scale_default,Epsilon_Greedy,epsilon=0.15,214,5.6893982895219155,0.7056878854730709,4.9837104040488445,6.3950861749949865,3
scale_default,Epsilon_Greedy,epsilon=0.15,215,5.886353141209718,0.567986329619181,5.318366811590537,6.4543394708288995,3
scale_default,Epsilon_Greedy,epsilon=0.15,216,6.200018345291571,0.38976270299860616,5.810255642292965,6.5897810482901775,3
scale_default,Epsilon_Greedy,epsilon=0.15,217,6.459075719208021,0.4506318132451572,6.008443905962864,6.909707532453178,3
scale_default,Epsilon_Greedy,epsilon=0.15,218,6.621337656168568,0.40082071923656776,6.220516936932,7.0221583754051355,3
scale_default,Epsilon_Greedy,epsilon=0.15,219,6.715959557288671,0.3679532333010408,6.34800632398763,7.083912790589712,3
scale_default,Epsilon_Greedy,epsilon=0.15,220,6.808942179974693,0.43216808834765186,6.376774091627041,7.241110268322345,3
scale_default,Epsilon_Greedy,epsilon=0.15,221,6.919635130615055,0.34316621551297555,6.57646891510208,7.262801346128031,3
scale_default,Epsilon_Greedy,epsilon=0.15,222,7.049213634601706,0.3439940404787748,6.705219594122932,7.393207675080481,3
scale_default,Epsilon_Greedy,epsilon=0.15,223,7.2162030117368525,0.3256123143471807,6.890590697389672,7.541815326084033,3
scale_default,Epsilon_Greedy,epsilon=0.15,224,7.304904153028393,0.2861347008517977,7.0187694521765955,7.591038853880191,3
scale_default,Epsilon_Greedy,epsilon=0.15,225,7.605690098813476,0.2853130452769432,7.320377053536532,7.891003144090419,3
scale_default,Epsilon_Greedy,epsilon=0.15,226,7.754196527492025,0.31021299551708775,7.443983531974937,8.064409523009113,3
scale_default,Epsilon_Greedy,epsilon=0.15,227,8.103261295605405,0.6035695203938369,7.499691775211568,8.706830815999242,3
scale_default,Epsilon_Greedy,epsilon=0.15,228,8.309130399520834,0.5640831654850348,7.745047234035799,8.87321356500587,3
scale_default,Epsilon_Greedy,epsilon=0.15,229,8.373965778697508,0.5887127269658414,7.785253051731667,8.96267850566335,3
scale_default,Epsilon_Greedy,epsilon=0.15,230,8.42632785845784,0.5355891322602878,7.890738726197553,8.961916990718128,3
scale_default,Epsilon_Greedy,epsilon=0.15,231,8.584709178378551,0.5174740286138341,8.067235149764716,9.102183206992386,3
scale_default,Epsilon_Greedy,epsilon=0.15,232,8.743122843894994,0.49603493521849856,8.247087908676496,9.239157779113492,3
scale_default,Epsilon_Greedy,epsilon=0.15,233,8.87188325131225,0.5497411298311966,8.322142121481052,9.421624381143447,3
scale_default,Epsilon_Greedy,epsilon=0.15,234,8.95250288162065,0.5038567331817932,8.448646148438856,9.456359614802443,3
scale_default,Epsilon_Greedy,epsilon=0.15,235,9.127386468420342,0.504408543233738,8.622977925186603,9.63179501165408,3
scale_default,Epsilon_Greedy,epsilon=0.15,236,9.259398281836198,0.46028443325041396,8.799113848585783,9.719682715086613,3
scale_default,Epsilon_Greedy,epsilon=0.15,237,9.384292867948497,0.41230899531300685,8.97198387263549,9.796601863261504,3
scale_default,Epsilon_Greedy,epsilon=0.15,238,9.534954775196201,0.23157732385062046,9.30337745134558,9.766532099046822,3
scale_default,Epsilon_Greedy,epsilon=0.15,239,9.6981036991009,0.08153248027067354,9.616571218830225,9.779636179371574,3
scale_default,Epsilon_Greedy,epsilon=0.15,240,9.851709608879629,0.1240562101138865,9.727653398765742,9.975765818993516,3
scale_default,Epsilon_Greedy,epsilon=0.15,241,9.878371104243131,0.11591785013117833,9.762453254111954,9.994288954374309,3
scale_default,Epsilon_Greedy,epsilon=0.15,242,10.000393888962172,0.20292082471926925,9.797473064242903,10.203314713681442,3
scale_default,Epsilon_Greedy,epsilon=0.15,243,10.127457224523669,0.2504990735456258,9.876958150978043,10.377956298069295,3
scale_default,Epsilon_Greedy,epsilon=0.15,244,10.309331433015403,0.205730552470999,10.103600880544404,10.515061985486403,3
scale_default,Epsilon_Greedy,epsilon=0.15,245,10.381652426072007,0.26512049575115515,10.116531930320852,10.646772921823162,3
scale_default,Epsilon_Greedy,epsilon=0.15,246,10.49757396124655,0.3079304445564909,10.18964351669006,10.80550440580304,3
scale_default,Epsilon_Greedy,epsilon=0.15,247,10.681743722071573,0.3246893468031648,10.357054375268408,11.006433068874738,3
scale_default,Epsilon_Greedy,epsilon=0.15,248,10.860514701526853,0.3159719895159608,10.544542712010893,11.176486691042813,3
scale_default,Epsilon_Greedy,epsilon=0.15,249,11.008335864696798,0.33927581626556025,10.669060048431238,11.347611680962359,3
scale_default,Epsilon_Greedy,epsilon=0.15,250,11.17115850792863,0.40805538227535826,10.763103125653272,11.57921389020399,3
scale_default,Epsilon_Greedy,epsilon=0.15,251,11.347448603137217,0.5417144563192963,10.80573414681792,11.889163059456513,3
scale_default,Epsilon_Greedy,epsilon=0.15,252,11.466997947203316,0.5986998038636997,10.868298143339617,12.065697751067015,3
scale_default,Epsilon_Greedy,epsilon=0.15,253,11.549242947862973,0.5416789793916876,11.007563968471286,12.09092192725466,3
scale_default,Epsilon_Greedy,epsilon=0.15,254,11.660791016889013,0.5375876776305163,11.123203339258497,12.198378694519528,3
scale_default,Epsilon_Greedy,epsilon=0.15,255,11.72858914364216,0.5912104958113765,11.137378647830785,12.319799639453537,3
scale_default,Epsilon_Greedy,epsilon=0.15,256,11.994895833415072,0.7094772240066882,11.285418609408383,12.70437305742176,3
scale_default,Epsilon_Greedy,epsilon=0.15,257,12.177429229042035,0.553042182145192,11.624387046896842,12.730471411187228,3
scale_default,Epsilon_Greedy,epsilon=0.15,258,12.295037966992496,0.4564622254559039,11.83857574153659,12.7515001924484,3
scale_default,Epsilon_Greedy,epsilon=0.15,259,12.386711205099594,0.5525957663706021,11.834115438728992,12.939306971470197,3
scale_default,Epsilon_Greedy,epsilon=0.15,260,12.546054065089274,0.5964651593350394,11.949588905754235,13.142519224424314,3
scale_default,Epsilon_Greedy,epsilon=0.15,261,12.74115896638279,0.6465772921530514,12.094581674229739,13.38773625853584,3
scale_default,Epsilon_Greedy,epsilon=0.15,262,12.812222980209048,0.6184483853634188,12.19377459484563,13.430671365572467,3
scale_default,Epsilon_Greedy,epsilon=0.15,263,12.96116481275179,0.5252653652979503,12.435899447453838,13.48643017804974,3
scale_default,Epsilon_Greedy,epsilon=0.15,264,13.117463397542773,0.5681616818799878,12.549301715662786,13.68562507942276,3
scale_default,Epsilon_Greedy,epsilon=0.15,265,13.221422977482066,0.5667770021667253,12.65464597531534,13.788199979648791,3
scale_default,Epsilon_Greedy,epsilon=0.15,266,13.388706899406822,0.5874248112179749,12.801282088188847,13.976131710624797,3
scale_default,Epsilon_Greedy,epsilon=0.15,267,13.454287090586107,0.6054896924585861,12.84879739812752,14.059776783044693,3
scale_default,Epsilon_Greedy,epsilon=0.15,268,13.671145093884,0.6720287766432578,12.999116317240743,14.343173870527258,3
scale_default,Epsilon_Greedy,epsilon=0.15,269,13.893527953794461,0.9129800893059493,12.980547864488512,14.80650804310041,3
scale_default,Epsilon_Greedy,epsilon=0.15,270,14.021445743582724,0.8447840003099595,13.176661743272765,14.866229743892683,3
scale_default,Epsilon_Greedy,epsilon=0.15,271,14.2249935436409,0.8288149011444725,13.396178642496428,15.053808444785373,3
scale_default,Epsilon_Greedy,epsilon=0.15,272,14.480100903096632,0.818466001284194,13.661634901812437,15.298566904380827,3
scale_default,Epsilon_Greedy,epsilon=0.15,273,14.715111670980598,0.9302110427330489,13.784900628247549,15.645322713713647,3
scale_default,Epsilon_Greedy,epsilon=0.15,274,14.935714941799887,1.0590511221294863,13.876663819670402,15.994766063929372,3
scale_default,Epsilon_Greedy,epsilon=0.15,275,15.159922506166604,1.0717846949146521,14.08813781125195,16.231707201081257,3
scale_default,Epsilon_Greedy,epsilon=0.15,276,15.270922375365322,1.090434041700784,14.180488333664538,16.361356417066105,3
scale_default,Epsilon_Greedy,epsilon=0.15,277,15.35032530317695,1.020393194263123,14.329932108913827,16.370718497440073,3
scale_default,Epsilon_Greedy,epsilon=0.15,278,15.442609439314921,1.0650710744762326,14.377538364838689,16.507680513791154,3
scale_default,Epsilon_Greedy,epsilon=0.15,279,15.672053247856242,1.0698610525675927,14.60219219528865,16.741914300423836,3
scale_default,Epsilon_Greedy,epsilon=0.15,280,15.912345091236398,1.109229191758751,14.803115899477648,17.02157428299515,3
scale_default,Epsilon_Greedy,epsilon=0.15,281,16.002511410274355,1.1094332904168747,14.893078119857481,17.11194470069123,3
scale_default,Epsilon_Greedy,epsilon=0.15,282,16.10507847876926,1.1796366962241254,14.925441782545136,17.284715174993387,3
scale_default,Epsilon_Greedy,epsilon=0.15,283,16.250988728241115,1.051804136136388,15.199184592104727,17.3027928643775,3
scale_default,Epsilon_Greedy,epsilon=0.15,284,16.397356593981026,1.0614859940683248,15.335870599912703,17.45884258804935,3
scale_default,Epsilon_Greedy,epsilon=0.15,285,16.548119361123614,0.9817002543138501,15.566419106809764,17.529819615437464,3
scale_default,Epsilon_Greedy,epsilon=0.15,286,16.747502397333985,1.1396337577401963,15.60786863959379,17.88713615507418,3
scale_default,Epsilon_Greedy,epsilon=0.15,287,16.847332818307525,1.0710731657791381,15.776259652528386,17.91840598408666,3
scale_default,Epsilon_Greedy,epsilon=0.15,288,17.008988549036825,1.0639847901510229,15.945003758885802,18.072973339187847,3
scale_default,Epsilon_Greedy,epsilon=0.15,289,17.210491427015462,1.3037605481892904,15.906730878826172,18.514251975204754,3
scale_default,Epsilon_Greedy,epsilon=0.15,290,17.483557959885356,1.33698884822191,16.146569111663446,18.820546808107267,3
scale_default,Epsilon_Greedy,epsilon=0.15,291,17.738564316540376,1.4866270032619708,16.251937313278404,19.22519131980235,3
scale_default,Epsilon_Greedy,epsilon=0.15,292,17.961481339264903,1.559977006862724,16.40150433240218,19.521458346127627,3
scale_default,Epsilon_Greedy,epsilon=0.15,293,18.044314831655296,1.5228847119497488,16.521430119705546,19.567199543605046,3
scale_default,Epsilon_Greedy,epsilon=0.15,294,18.17112459940578,1.3957164545980278,16.775408144807752,19.566841054003806,3
scale_default,Epsilon_Greedy,epsilon=0.15,295,18.324424727920967,1.4368834224594458,16.88754130546152,19.76130815038041,3
scale_default,Epsilon_Greedy,epsilon=0.15,296,18.60237139449578,1.4500237045250925,17.152347689970686,20.052395099020874,3
scale_default,Epsilon_Greedy,epsilon=0.15,297,18.691069374630583,1.5507822089768921,17.140287165653692,20.241851583607474,3
scale_default,Epsilon_Greedy,epsilon=0.15,298,18.918000090799627,1.5166745541988755,17.40132553660075,20.434674644998502,3
scale_default,Epsilon_Greedy,epsilon=0.15,299,19.089390640334443,1.5230000764780265,17.566390563856416,20.61239071681247,3
scale_default,Epsilon_Greedy,epsilon=0.15,300,19.28356606638017,1.3857902483259232,17.89777581805425,20.669356314706093,3
scale_default,Epsilon_Greedy,epsilon=0.15,301,19.517452361551022,1.2926621936556713,18.22479016789535,20.810114555206695,3
scale_default,Epsilon_Greedy,epsilon=0.15,302,19.6744055711443,1.2426266402408341,18.43177893090347,20.917032211385134,3
scale_default,Epsilon_Greedy,epsilon=0.15,303,19.753428762505795,1.2272748007933019,18.52615396171249,20.980703563299098,3
scale_default,Epsilon_Greedy,epsilon=0.15,304,19.957764160383434,1.1723570733098725,18.785407087073562,21.130121233693306,3
scale_default,Epsilon_Greedy,epsilon=0.15,305,20.113670610235477,1.253751312291017,18.85991929794446,21.367421922526493,3
scale_default,Epsilon_Greedy,epsilon=0.15,306,20.39722167391092,1.2419956811633028,19.155225992747617,21.639217355074223,3
scale_default,Epsilon_Greedy,epsilon=0.15,307,20.473291547532014,1.1674300142648417,19.305861533267173,21.640721561796855,3
scale_default,Epsilon_Greedy,epsilon=0.15,308,20.616181438456948,1.2302445006126002,19.38593693784435,21.846425939069547,3
scale_default,Epsilon_Greedy,epsilon=0.15,309,20.770426250143597,1.3421121861119374,19.42831406403166,22.112538436255534,3
scale_default,Epsilon_Greedy,epsilon=0.15,310,20.915501854792584,1.2432867371823584,19.672215117610225,22.158788591974943,3
scale_default,Epsilon_Greedy,epsilon=0.15,311,21.062924356359414,1.334536642711969,19.728387713647443,22.397460999071384,3
scale_default,Epsilon_Greedy,epsilon=0.15,312,21.149673531360744,1.314126324735865,19.835547206624877,22.46379985609661,3
scale_default,Epsilon_Greedy,epsilon=0.15,313,21.21683156465352,1.29121876259638,19.92561280205714,22.5080503272499,3
scale_default,Epsilon_Greedy,epsilon=0.15,314,21.313501604692167,1.2827866552207159,20.030714949471452,22.596288259912882,3
scale_default,Epsilon_Greedy,epsilon=0.15,315,21.558639467137123,1.3838136116896758,20.174825855447448,22.942453078826798,3
scale_default,Epsilon_Greedy,epsilon=0.15,316,21.777056290343324,1.3202733940916933,20.45678289625163,23.097329684435017,3
scale_default,Epsilon_Greedy,epsilon=0.15,317,21.802682160243737,1.3478005414639258,20.45488161877981,23.150482701707663,3
scale_default,Epsilon_Greedy,epsilon=0.15,318,21.904116526967925,1.2976987879910409,20.606417738976884,23.201815314958967,3
scale_default,Epsilon_Greedy,epsilon=0.15,319,22.082787496446617,1.1889147921180017,20.893872704328615,23.27170228856462,3
scale_default,Epsilon_Greedy,epsilon=0.15,320,22.267267175768495,1.220889125474594,21.046378050293903,23.488156301243087,3
scale_default,Epsilon_Greedy,epsilon=0.15,321,22.496880853227548,1.1751758767678586,21.32170497645969,23.672056729995408,3
scale_default,Epsilon_Greedy,epsilon=0.15,322,22.769602357798203,1.080611963508505,21.688990394289696,23.85021432130671,3
scale_default,Epsilon_Greedy,epsilon=0.15,323,22.853176966005453,1.157774440654896,21.695402525350556,24.01095140666035,3
scale_default,Epsilon_Greedy,epsilon=0.15,324,23.028433859219188,1.0571073137277087,21.97132654549148,24.085541172946897,3
scale_default,Epsilon_Greedy,epsilon=0.15,325,23.134564980403837,1.0506079525925727,22.083957027811266,24.18517293299641,3
scale_default,Epsilon_Greedy,epsilon=0.15,326,23.357944450036086,0.9915271146866667,22.36641733534942,24.34947156472275,3
scale_default,Epsilon_Greedy,epsilon=0.15,327,23.398885864350515,1.00864478045819,22.390241083892324,24.407530644808705,3
scale_default,Epsilon_Greedy,epsilon=0.15,328,23.4786099039536,1.0807898862326444,22.397820017720957,24.559399790186244,3
scale_default,Epsilon_Greedy,epsilon=0.15,329,23.543053394346316,1.0865829888477576,22.456470405498557,24.629636383194075,3
scale_default,Epsilon_Greedy,epsilon=0.15,330,23.71377764416131,0.8827413211336954,22.831036323027615,24.596518965295008,3
scale_default,Epsilon_Greedy,epsilon=0.15,331,23.906680746241985,0.9374544797427965,22.969226266499188,24.844135225984783,3
scale_default,Epsilon_Greedy,epsilon=0.15,332,24.027589087224317,0.8101516670546353,23.21743742016968,24.837740754278954,3
scale_default,Epsilon_Greedy,epsilon=0.15,333,24.224194753961303,0.7818142696317476,23.442380484329554,25.00600902359305,3
scale_default,Epsilon_Greedy,epsilon=0.15,334,24.350161127707434,0.7766958417692039,23.57346528593823,25.126856969476638,3
scale_default,Epsilon_Greedy,epsilon=0.15,335,24.46324440814386,0.8197228110371798,23.64352159710668,25.282967219181042,3
scale_default,Epsilon_Greedy,epsilon=0.15,336,24.567650438698262,0.8064758808740227,23.76117455782424,25.374126319572284,3
scale_default,Epsilon_Greedy,epsilon=0.15,337,24.70727579363839,0.9274013317225636,23.779874461915828,25.634677125360955,3
scale_default,Epsilon_Greedy,epsilon=0.15,338,24.78865637997482,0.9468602539331921,23.84179612604163,25.735516633908013,3
scale_default,Epsilon_Greedy,epsilon=0.15,339,25.023870806332187,1.0292820296420984,23.99458877669009,26.053152835974284,3
scale_default,Epsilon_Greedy,epsilon=0.15,340,25.154088004229767,0.952558231017519,24.201529773212247,26.106646235247286,3
scale_default,Epsilon_Greedy,epsilon=0.15,341,25.324683565605813,1.05659099398693,24.268092571618883,26.381274559592743,3
scale_default,Epsilon_Greedy,epsilon=0.15,342,25.536916841289848,1.0144791041922958,24.52243773709755,26.551395945482145,3
scale_default,Epsilon_Greedy,epsilon=0.15,343,25.65503111795176,0.9743728209532613,24.6806582969985,26.62940393890502,3
scale_default,Epsilon_Greedy,epsilon=0.15,344,25.7434385831113,0.9064827612799797,24.83695582183132,26.649921344391277,3
scale_default,Epsilon_Greedy,epsilon=0.15,345,25.914702015083652,0.9780656058084927,24.93663640927516,26.892767620892144,3
scale_default,Epsilon_Greedy,epsilon=0.15,346,26.032259699743594,0.9514667730146448,25.08079292672895,26.98372647275824,3
scale_default,Epsilon_Greedy,epsilon=0.15,347,26.188525113826106,0.9130623583189029,25.275462755507203,27.10158747214501,3
scale_default,Epsilon_Greedy,epsilon=0.15,348,26.521989343026945,1.1602231925063753,25.36176615052057,27.68221253553332,3
scale_default,Epsilon_Greedy,epsilon=0.15,349,26.621048502154252,1.1967661486509948,25.42428235350326,27.817814650805246,3
scale_default,Epsilon_Greedy,epsilon=0.15,350,26.689405746235934,1.1324371288536073,25.556968617382328,27.82184287508954,3
scale_default,Epsilon_Greedy,epsilon=0.15,351,26.808872212796647,1.1997861506803698,25.609086062116276,28.008658363477018,3
scale_default,Epsilon_Greedy,epsilon=0.15,352,26.842204113341428,1.1870144470131985,25.65518966632823,28.029218560354625,3
scale_default,Epsilon_Greedy,epsilon=0.15,353,26.97659483212998,1.2492967760796667,25.727298056050312,28.225891608209647,3
scale_default,Epsilon_Greedy,epsilon=0.15,354,27.203189997664555,1.1997284004103856,26.00346159725417,28.40291839807494,3
scale_default,Epsilon_Greedy,epsilon=0.15,355,27.29562659385917,1.2120582974495504,26.083568296409616,28.50768489130872,3
scale_default,Epsilon_Greedy,epsilon=0.15,356,27.55671871179899,1.4160275920838437,26.140691119715147,28.972746303882833,3
scale_default,Epsilon_Greedy,epsilon=0.15,357,27.649601461546993,1.400451522708168,26.249149938838826,29.05005298425516,3
scale_default,Epsilon_Greedy,epsilon=0.15,358,27.88135559582058,1.4266252617521966,26.454730334068383,29.307980857572776,3
scale_default,Epsilon_Greedy,epsilon=0.15,359,27.915329765906026,1.4206667329298575,26.49466303297617,29.335996498835883,3
scale_default,Epsilon_Greedy,epsilon=0.15,360,28.193420112806773,1.5106766545927708,26.682743458214002,29.704096767399545,3
scale_default,Epsilon_Greedy,epsilon=0.15,361,28.285381475154466,1.5567632334121586,26.728618241742307,29.842144708566625,3
scale_default,Epsilon_Greedy,epsilon=0.15,362,28.396326991583845,1.6281291050459998,26.768197886537845,30.024456096629844,3
scale_default,Epsilon_Greedy,epsilon=0.15,363,28.472756180677653,1.6380419976106064,26.834714183067046,30.11079817828826,3
scale_default,Epsilon_Greedy,epsilon=0.15,364,28.613555319448977,1.6510647790003088,26.96249054044867,30.264620098449285,3
scale_default,Epsilon_Greedy,epsilon=0.15,365,28.82790135741787,1.6152259978633325,27.212675359554535,30.443127355281202,3
scale_default,Epsilon_Greedy,epsilon=0.15,366,29.093977883891185,1.473573303235614,27.62040458065557,30.5675511871268,3
scale_default,Epsilon_Greedy,epsilon=0.15,367,29.280336429487416,1.622326355720933,27.658010073766484,30.90266278520835,3
scale_default,Epsilon_Greedy,epsilon=0.15,368,29.54867900950804,1.306758086172104,28.241920923335936,30.85543709568014,3
scale_default,Epsilon_Greedy,epsilon=0.15,369,29.6585822545041,1.272607253887899,28.385975000616202,30.931189508392,3
scale_default,Epsilon_Greedy,epsilon=0.15,370,29.821240817870972,1.2722316404376028,28.54900917743337,31.093472458308575,3
scale_default,Epsilon_Greedy,epsilon=0.15,371,29.997305488320887,1.2968179098700434,28.700487578450844,31.29412339819093,3
scale_default,Epsilon_Greedy,epsilon=0.15,372,30.167148096219876,1.37422104694986,28.792927049270016,31.541369143169735,3
scale_default,Epsilon_Greedy,epsilon=0.15,373,30.256233163621474,1.320158881312081,28.93607428230939,31.576392044933556,3
scale_default,Epsilon_Greedy,epsilon=0.15,374,30.428377205540468,1.3031066782151328,29.125270527325334,31.7314838837556,3
scale_default,Epsilon_Greedy,epsilon=0.15,375,30.628302649077654,1.468392687568044,29.15990996150961,32.096695336645695,3
scale_default,Epsilon_Greedy,epsilon=0.15,376,30.815886782721325,1.4315467616556787,29.384340021065647,32.247433544377,3
scale_default,Epsilon_Greedy,epsilon=0.15,377,30.94056600789426,1.3881310644914444,29.55243494340282,32.32869707238571,3
scale_default,Epsilon_Greedy,epsilon=0.15,378,31.081678983734445,1.349910408584351,29.731768575150095,32.4315893923188,3
scale_default,Epsilon_Greedy,epsilon=0.15,379,31.419003084246736,1.377223145185844,30.04177993906089,32.79622622943258,3
scale_default,Epsilon_Greedy,epsilon=0.15,380,31.49047590282488,1.3492450563119749,30.141230846512904,32.839720959136855,3
scale_default,Epsilon_Greedy,epsilon=0.15,381,31.570945271148087,1.422687481866625,30.148257789281462,32.993632753014715,3
scale_default,Epsilon_Greedy,epsilon=0.15,382,31.73156014121227,1.436068919006531,30.29549122220574,33.1676290602188,3
scale_default,Epsilon_Greedy,epsilon=0.15,383,31.833123287643627,1.4377277006177074,30.39539558702592,33.27085098826134,3
scale_default,Epsilon_Greedy,epsilon=0.15,384,31.89172956776511,1.4080775404313797,30.483652027333733,33.29980710819649,3
scale_default,Epsilon_Greedy,epsilon=0.15,385,32.051949484069176,1.5000764368773714,30.551873047191805,33.55202592094655,3
scale_default,Epsilon_Greedy,epsilon=0.15,386,32.18128807870591,1.3654895320144516,30.81579854669146,33.54677761072036,3
scale_default,Epsilon_Greedy,epsilon=0.15,387,32.360902035959754,1.3783922233980979,30.982509812561656,33.73929425935785,3
scale_default,Epsilon_Greedy,epsilon=0.15,388,32.57105171839516,1.1957401406265855,31.375311577768574,33.766791859021744,3
scale_default,Epsilon_Greedy,epsilon=0.15,389,32.77603964844572,1.1829596367344166,31.5930800117113,33.958999285180134,3
scale_default,Epsilon_Greedy,epsilon=0.15,390,32.85812982638041,1.1611752171561671,31.696954609224246,34.01930504353658,3
scale_default,Epsilon_Greedy,epsilon=0.15,391,33.103127603762914,1.138253351973621,31.964874251789293,34.24138095573654,3
scale_default,Epsilon_Greedy,epsilon=0.15,392,33.25783985676645,1.1325204514310185,32.12531940533543,34.39036030819747,3
scale_default,Epsilon_Greedy,epsilon=0.15,393,33.44461685262988,1.2164590550025085,32.22815779762737,34.66107590763239,3
scale_default,Epsilon_Greedy,epsilon=0.15,394,33.70127153721089,1.5079444010287497,32.19332713618214,35.209215938239645,3
scale_default,Epsilon_Greedy,epsilon=0.15,395,33.822957066607124,1.4178323492364218,32.405124717370704,35.240789415843544,3
scale_default,Epsilon_Greedy,epsilon=0.15,396,33.930188940854244,1.359638402447009,32.57055053840723,35.289827343301255,3
scale_default,Epsilon_Greedy,epsilon=0.15,397,33.99054068337331,1.3699098656733546,32.620630817699954,35.36045054904667,3
scale_default,Epsilon_Greedy,epsilon=0.15,398,34.12315976045161,1.219691866129689,32.90346789432192,35.34285162658129,3
scale_default,Epsilon_Greedy,epsilon=0.15,399,34.22477259330343,1.3152889539090846,32.909483639394345,35.54006154721251,3
scale_default,Epsilon_Greedy,epsilon=0.15,400,34.39368772269666,1.3528154216318602,33.0408723010648,35.74650314432852,3
scale_default,Epsilon_Greedy,epsilon=0.15,401,34.54999422168036,1.3603954682949728,33.18959875338538,35.91038968997533,3
scale_default,Epsilon_Greedy,epsilon=0.15,402,34.616929727495574,1.276342706682011,33.340587020813565,35.89327243417758,3
scale_default,Epsilon_Greedy,epsilon=0.15,403,34.852030886212425,1.4044596057362373,33.44757128047619,36.25649049194866,3
scale_default,Epsilon_Greedy,epsilon=0.15,404,35.011250397322364,1.3660641565521985,33.645186240770165,36.37731455387456,3
scale_default,Epsilon_Greedy,epsilon=0.15,405,35.24241099415596,1.141715802858955,34.10069519129701,36.384126797014915,3
scale_default,Epsilon_Greedy,epsilon=0.15,406,35.38441843568048,1.1551435138136166,34.22927492186686,36.5395619494941,3
scale_default,Epsilon_Greedy,epsilon=0.15,407,35.88418852172939,1.1326518512014876,34.751536670527905,37.01684037293088,3
scale_default,Epsilon_Greedy,epsilon=0.15,408,35.953476677222646,1.1948067283573522,34.7586699488653,37.148283405579996,3
scale_default,Epsilon_Greedy,epsilon=0.15,409,36.060006842515584,1.2438657121691636,34.81614113034642,37.303872554684745,3
scale_default,Epsilon_Greedy,epsilon=0.15,410,36.27235428518578,1.2379292149772267,35.03442507020855,37.510283500163005,3
scale_default,Epsilon_Greedy,epsilon=0.15,411,36.37133805848254,1.1786535836202057,35.19268447486234,37.549991642102746,3
scale_default,Epsilon_Greedy,epsilon=0.15,412,36.542795772324105,1.0571005813693881,35.485695190954715,37.599896353693495,3
scale_default,Epsilon_Greedy,epsilon=0.15,413,36.69748941542349,1.122742666513359,35.57474674891013,37.82023208193685,3
scale_default,Epsilon_Greedy,epsilon=0.15,414,36.787292978853884,1.0998435533383955,35.68744942551549,37.88713653219228,3
scale_default,Epsilon_Greedy,epsilon=0.15,415,36.933744764170704,1.1687009872586351,35.765043776912066,38.10244575142934,3
scale_default,Epsilon_Greedy,epsilon=0.15,416,37.10329663955705,1.22217093293887,35.88112570661818,38.325467572495924,3
scale_default,Epsilon_Greedy,epsilon=0.15,417,37.290743208087214,1.1383760986920177,36.15236710939519,38.429119306779235,3
scale_default,Epsilon_Greedy,epsilon=0.15,418,37.47438583820158,1.1854490945595924,36.28893674364198,38.65983493276117,3
scale_default,Epsilon_Greedy,epsilon=0.15,419,37.5138067836273,1.198805505717847,36.31500127790945,38.71261228934515,3
scale_default,Epsilon_Greedy,epsilon=0.15,420,37.67645241227347,1.1134416673983818,36.563010744875086,38.78989407967185,3
scale_default,Epsilon_Greedy,epsilon=0.15,421,37.90970092532442,1.2679110079681484,36.64178991735628,39.17761193329257,3
scale_default,Epsilon_Greedy,epsilon=0.15,422,38.02839485005934,1.3501417148307369,36.67825313522861,39.37853656489008,3
scale_default,Epsilon_Greedy,epsilon=0.15,423,38.28611436787195,1.406103902611185,36.88001046526077,39.69221827048314,3
scale_default,Epsilon_Greedy,epsilon=0.15,424,38.41154172584381,1.5189722379709236,36.89256948787289,39.93051396381473,3
scale_default,Epsilon_Greedy,epsilon=0.15,425,38.48287531038708,1.568859265402594,36.914016044984486,40.05173457578967,3
scale_default,Epsilon_Greedy,epsilon=0.15,426,38.80904646074611,1.728355551457796,37.080690909288315,40.537402012203906,3
scale_default,Epsilon_Greedy,epsilon=0.15,427,38.883471117705646,1.7904593297091937,37.09301178799645,40.67393044741484,3
scale_default,Epsilon_Greedy,epsilon=0.15,428,39.00658685036179,1.7158541636978821,37.29073268666391,40.722441014059676,3
scale_default,Epsilon_Greedy,epsilon=0.15,429,39.17625504534745,1.6738635056938975,37.50239153965356,40.85011855104135,3
scale_default,Epsilon_Greedy,epsilon=0.15,430,39.50031404275476,1.566771125502858,37.9335429172519,41.06708516825762,3
scale_default,Epsilon_Greedy,epsilon=0.15,431,39.619528314705285,1.5677209803272871,38.051807334378,41.18724929503257,3
scale_default,Epsilon_Greedy,epsilon=0.15,432,39.75008373438434,1.5035823525841139,38.24650138180023,41.25366608696845,3
scale_default,Epsilon_Greedy,epsilon=0.15,433,39.89280354309042,1.4886552155433432,38.40414832754708,41.38145875863377,3
scale_default,Epsilon_Greedy,epsilon=0.15,434,40.11909875686832,1.3791228838062815,38.739975873062036,41.4982216406746,3
scale_default,Epsilon_Greedy,epsilon=0.15,435,40.32021828236167,1.3064296025136946,39.01378867984798,41.62664788487537,3
scale_default,Epsilon_Greedy,epsilon=0.15,436,40.49522548529007,1.371991308971675,39.1232341763184,41.86721679426174,3
scale_default,Epsilon_Greedy,epsilon=0.15,437,40.6422856930405,1.314656870670996,39.327628822369505,41.95694256371149,3
scale_default,Epsilon_Greedy,epsilon=0.15,438,40.78679499195485,1.2253589998184649,39.56143599213638,42.01215399177332,3
scale_default,Epsilon_Greedy,epsilon=0.15,439,41.07084843432705,1.3368864613736577,39.73396197295339,42.407734895700706,3
scale_default,Epsilon_Greedy,epsilon=0.15,440,41.214446679064544,1.4204743691442123,39.793972309920335,42.63492104820875,3
scale_default,Epsilon_Greedy,epsilon=0.15,441,41.34151327989139,1.4746564234038302,39.86685685648756,42.816169703295216,3
scale_default,Epsilon_Greedy,epsilon=0.15,442,41.54550143100775,1.4015966646568072,40.14390476635094,42.94709809566456,3
scale_default,Epsilon_Greedy,epsilon=0.15,443,41.82654970442069,1.4567027621052706,40.36984694231542,43.283252466525965,3
scale_default,Epsilon_Greedy,epsilon=0.15,444,41.93578187966726,1.4169444305976844,40.51883744906958,43.35272631026494,3
scale_default,Epsilon_Greedy,epsilon=0.15,445,42.23696134883189,1.5364918397923872,40.7004695090395,43.77345318862428,3
scale_default,Epsilon_Greedy,epsilon=0.15,446,42.45532985262904,1.5170304106091492,40.93829944201989,43.972360263238194,3
scale_default,Epsilon_Greedy,epsilon=0.15,447,42.57028415476497,1.401987191395208,41.16829696336976,43.97227134616018,3
scale_default,Epsilon_Greedy,epsilon=0.15,448,42.67017808607408,1.2910694005939394,41.37910868548014,43.96124748666802,3
scale_default,Epsilon_Greedy,epsilon=0.15,449,42.91948346374383,1.2156286536293117,41.70385481011452,44.13511211737314,3
scale_default,Epsilon_Greedy,epsilon=0.15,450,43.10855034444463,1.1474130579008985,41.96113728654373,44.25596340234553,3
scale_default,Epsilon_Greedy,epsilon=0.15,451,43.326581235632545,1.110729525586634,42.21585171004591,44.43731076121918,3
scale_default,Epsilon_Greedy,epsilon=0.15,452,43.35781155852735,1.0577572570284195,42.30005430149893,44.41556881555577,3
scale_default,Epsilon_Greedy,epsilon=0.15,453,43.51528367501441,1.0881696213983314,42.42711405361608,44.60345329641274,3
scale_default,Epsilon_Greedy,epsilon=0.15,454,43.67646088847141,1.0199974253915884,42.656463463079824,44.696458313863,3
scale_default,Epsilon_Greedy,epsilon=0.15,455,43.80765915736015,1.0371385207312083,42.77052063662894,44.84479767809136,3
scale_default,Epsilon_Greedy,epsilon=0.15,456,43.94022965627938,1.061460596033761,42.87876906024562,45.00169025231314,3
scale_default,Epsilon_Greedy,epsilon=0.15,457,44.024518615356534,1.0060461059153356,43.018472509441196,45.03056472127187,3
scale_default,Epsilon_Greedy,epsilon=0.15,458,44.245809168538614,1.0438865273811209,43.201922641157495,45.28969569591973,3
scale_default,Epsilon_Greedy,epsilon=0.15,459,44.366415299544364,1.1139291394564397,43.252486160087926,45.4803444390008,3
scale_default,Epsilon_Greedy,epsilon=0.15,460,44.55346140436993,1.212372024705066,43.341089379664865,45.765833429075,3
scale_default,Epsilon_Greedy,epsilon=0.15,461,44.64187513769122,1.2749349547184878,43.36694018297273,45.91681009240971,3
scale_default,Epsilon_Greedy,epsilon=0.15,462,44.831831100807385,1.0853597090733094,43.746471391734076,45.917190809880694,3
scale_default,Epsilon_Greedy,epsilon=0.15,463,45.00123671514573,1.0873559898772511,43.91388072526848,46.08859270502298,3
scale_default,Epsilon_Greedy,epsilon=0.15,464,45.10245180199345,1.1839998885032603,43.918451913490195,46.28645169049671,3
scale_default,Epsilon_Greedy,epsilon=0.15,465,45.291108746674674,1.1773162289268835,44.11379251774779,46.46842497560156,3
scale_default,Epsilon_Greedy,epsilon=0.15,466,45.47131581395647,1.1783811988678952,44.292934615088576,46.64969701282437,3
scale_default,Epsilon_Greedy,epsilon=0.15,467,45.62183040890891,1.0300642855851732,44.59176612332374,46.65189469449409,3
scale_default,Epsilon_Greedy,epsilon=0.15,468,45.820385074668145,0.9733525232091949,44.84703255145895,46.79373759787734,3
scale_default,Epsilon_Greedy,epsilon=0.15,469,45.96896865670279,0.9413563615136883,45.0276122951891,46.91032501821648,3
scale_default,Epsilon_Greedy,epsilon=0.15,470,46.16927867021408,0.9145934707478595,45.254685199466216,47.08387214096194,3
scale_default,Epsilon_Greedy,epsilon=0.15,471,46.31286991228382,0.8755836619301088,45.437286250353715,47.18845357421393,3
scale_default,Epsilon_Greedy,epsilon=0.15,472,46.41083999216327,0.8619094909618746,45.54893050120139,47.272749483125146,3
scale_default,Epsilon_Greedy,epsilon=0.15,473,46.89175275722831,1.1303620843140347,45.761390672914274,48.02211484154235,3
scale_default,Epsilon_Greedy,epsilon=0.15,474,47.309784021912456,1.3700049129169043,45.93977910899555,48.67978893482936,3
scale_default,Epsilon_Greedy,epsilon=0.15,475,47.56206304809081,1.5244155761258649,46.037647471964945,49.08647862421668,3
scale_default,Epsilon_Greedy,epsilon=0.15,476,47.64494514430859,1.536476645599105,46.10846849870949,49.181421789907695,3
scale_default,Epsilon_Greedy,epsilon=0.15,477,47.84674643186616,1.5186451229192597,46.3281013089469,49.36539155478542,3
scale_default,Epsilon_Greedy,epsilon=0.15,478,48.16771302888433,1.5211210099637302,46.6465920189206,49.68883403884806,3
scale_default,Epsilon_Greedy,epsilon=0.15,479,48.35900103452821,1.4865965608999816,46.87240447362823,49.845597595428195,3
scale_default,Epsilon_Greedy,epsilon=0.15,480,48.55239473458596,1.5184196793853237,47.033975055200635,50.070814413971284,3
scale_default,Epsilon_Greedy,epsilon=0.15,481,48.6822030340098,1.5787153826650118,47.10348765134479,50.26091841667481,3
scale_default,Epsilon_Greedy,epsilon=0.15,482,48.869330590785204,1.6008603673936947,47.26847022339151,50.4701909581789,3
scale_default,Epsilon_Greedy,epsilon=0.15,483,49.05812134938028,1.6515535886717327,47.40656776070855,50.70967493805201,3
scale_default,Epsilon_Greedy,epsilon=0.15,484,49.221269256736115,1.6932879541107333,47.52798130262538,50.91455721084685,3
scale_default,Epsilon_Greedy,epsilon=0.15,485,49.39165841474687,1.850151208535003,47.54150720621187,51.241809623281874,3
scale_default,Epsilon_Greedy,epsilon=0.15,486,49.57521849777595,1.8841215946391094,47.69109690313684,51.45934009241506,3
scale_default,Epsilon_Greedy,epsilon=0.15,487,49.64026029336967,1.8634000478018422,47.77686024556783,51.50366034117151,3
scale_default,Epsilon_Greedy,epsilon=0.15,488,49.77392505911816,1.9789626925565018,47.79496236656166,51.75288775167466,3
scale_default,Epsilon_Greedy,epsilon=0.15,489,49.810077969198346,1.9844351315241486,47.825642837674195,51.7945131007225,3
scale_default,Epsilon_Greedy,epsilon=0.15,490,49.98784976152053,2.0955112175740225,47.89233854394651,52.08336097909455,3
scale_default,Epsilon_Greedy,epsilon=0.15,491,50.17489589424332,2.0353307849327122,48.13956510931061,52.21022667917603,3
scale_default,Epsilon_Greedy,epsilon=0.15,492,50.35106742463148,1.8660547692172147,48.485012655414266,52.217122193848695,3
scale_default,Epsilon_Greedy,epsilon=0.15,493,50.53902618416871,2.0123301907142515,48.52669599345446,52.551356374882964,3
scale_default,Epsilon_Greedy,epsilon=0.15,494,50.90494292025229,2.174987280890705,48.729955639361584,53.07993020114299,3
scale_default,Epsilon_Greedy,epsilon=0.15,495,51.141198153546014,2.0051209428193104,49.136077210726704,53.146319096365325,3
scale_default,Epsilon_Greedy,epsilon=0.15,496,51.601963253271094,1.9433853098336635,49.65857794343743,53.54534856310476,3
scale_default,Epsilon_Greedy,epsilon=0.15,497,51.7101019951225,1.936124631204322,49.77397736391818,53.64622662632682,3
scale_default,Epsilon_Greedy,epsilon=0.15,498,51.91664796494495,2.0425697890063366,49.874078175938614,53.959217753951286,3
scale_default,Epsilon_Greedy,epsilon=0.15,499,52.0724471778393,2.1415580615436487,49.93088911629565,54.21400523938295,3
scale_default,Epsilon_Greedy,epsilon=0.15,500,52.27989070320593,2.251103930354843,50.028786772851085,54.53099463356077,3
scale_default,Epsilon_Greedy,epsilon=0.15,501,52.533745156182526,2.428696388507213,50.105048767675314,54.96244154468974,3
scale_default,Epsilon_Greedy,epsilon=0.15,502,52.65378812232706,2.457712972906169,50.19607514942089,55.11150109523322,3
scale_default,Epsilon_Greedy,epsilon=0.15,503,52.85243286572753,2.3940891077186603,50.458343758008866,55.24652197344619,3
scale_default,Epsilon_Greedy,epsilon=0.15,504,53.083001958201606,2.4151753984345543,50.66782655976705,55.49817735663616,3
scale_default,Epsilon_Greedy,epsilon=0.15,505,53.245805630616026,2.4430478162341953,50.80275781438183,55.688853446850224,3
scale_default,Epsilon_Greedy,epsilon=0.15,506,53.36392209858556,2.4871220254651014,50.876800073120464,55.85104412405066,3
scale_default,Epsilon_Greedy,epsilon=0.15,507,53.47170799609728,2.3868573417228003,51.08485065437448,55.85856533782008,3
scale_default,Epsilon_Greedy,epsilon=0.15,508,53.64166403485792,2.30004541892249,51.34161861593543,55.941709453780405,3
scale_default,Epsilon_Greedy,epsilon=0.15,509,53.7331618989445,2.274626137531676,51.458535761412826,56.00778803647618,3
scale_default,Epsilon_Greedy,epsilon=0.15,510,53.90596331960872,2.300021331717177,51.60594198789155,56.2059846513259,3
scale_default,Epsilon_Greedy,epsilon=0.15,511,53.95544100880513,2.2858747975641447,51.66956621124098,56.24131580636928,3
scale_default,Epsilon_Greedy,epsilon=0.15,512,54.13200274173332,2.25227890970141,51.87972383203191,56.384281651434726,3
scale_default,Epsilon_Greedy,epsilon=0.15,513,54.31929506795283,2.2238145818577304,52.0954804860951,56.54310964981056,3
scale_default,Epsilon_Greedy,epsilon=0.15,514,54.560642502028365,2.3045811019612876,52.256061400067075,56.865223603989655,3
scale_default,Epsilon_Greedy,epsilon=0.15,515,54.834256590303305,2.178576220945915,52.65568036935739,57.01283281124922,3
scale_default,Epsilon_Greedy,epsilon=0.15,516,55.06223996175239,2.109629322948104,52.95261063880429,57.17186928470049,3
scale_default,Epsilon_Greedy,epsilon=0.15,517,55.21599114217236,2.132340568918182,53.08365057325418,57.348331711090545,3
scale_default,Epsilon_Greedy,epsilon=0.15,518,55.440307607524495,2.280487106229606,53.15982050129489,57.7207947137541,3
scale_default,Epsilon_Greedy,epsilon=0.15,519,55.6174034804499,2.3025412881379848,53.314862192311914,57.91994476858789,3
scale_default,Epsilon_Greedy,epsilon=0.15,520,55.74635670651991,2.423536380160283,53.322820326359626,58.1698930866802,3
scale_default,Epsilon_Greedy,epsilon=0.15,521,55.79758633749409,2.459660627831037,53.337925709663054,58.25724696532512,3
scale_default,Epsilon_Greedy,epsilon=0.15,522,56.03708735857296,2.1853374726540213,53.85174988591894,58.22242483122698,3
scale_default,Epsilon_Greedy,epsilon=0.15,523,56.31196682287615,2.3673015787837337,53.94466524409242,58.67926840165988,3
scale_default,Epsilon_Greedy,epsilon=0.15,524,56.43490350212926,2.321902346940127,54.11300115518913,58.75680584906939,3
scale_default,Epsilon_Greedy,epsilon=0.15,525,56.55683595036399,2.2501800277574278,54.30665592260656,58.80701597812142,3
scale_default,Epsilon_Greedy,epsilon=0.15,526,56.666863439153694,2.154909733659772,54.51195370549392,58.821773172813465,3
scale_default,Epsilon_Greedy,epsilon=0.15,527,56.846663354774506,2.07087995441868,54.77578340035583,58.917543309193185,3
scale_default,Epsilon_Greedy,epsilon=0.15,528,57.05357508177658,2.1225029781544595,54.93107210362212,59.17607805993104,3
scale_default,Epsilon_Greedy,epsilon=0.15,529,57.32240473517705,2.168849715788547,55.153555019388506,59.4912544509656,3
scale_default,Epsilon_Greedy,epsilon=0.15,530,57.40766217125425,2.1816078703741684,55.22605430088009,59.58927004162842,3
scale_default,Epsilon_Greedy,epsilon=0.15,531,57.62606400082317,2.143624475227222,55.48243952559595,59.76968847605039,3
scale_default,Epsilon_Greedy,epsilon=0.15,532,57.77010346901656,2.2609448791243536,55.50915858989221,60.031048348140914,3
scale_default,Epsilon_Greedy,epsilon=0.15,533,57.93380945134988,2.3100638347643736,55.62374561658551,60.24387328611425,3
scale_default,Epsilon_Greedy,epsilon=0.15,534,58.20052035063703,2.3343668996358917,55.86615345100114,60.53488725027292,3
scale_default,Epsilon_Greedy,epsilon=0.15,535,58.332305010166216,2.4152362284568083,55.91706878170941,60.74754123862302,3
scale_default,Epsilon_Greedy,epsilon=0.15,536,58.4472805584821,2.353642066069681,56.09363849241242,60.80092262455178,3
scale_default,Epsilon_Greedy,epsilon=0.15,537,58.65489354145105,2.4750874692333826,56.17980607221767,61.12998101068443,3
scale_default,Epsilon_Greedy,epsilon=0.15,538,58.75611417591862,2.4135552182920232,56.34255895762659,61.16966939421064,3
scale_default,Epsilon_Greedy,epsilon=0.15,539,59.02282803415424,2.467730599228823,56.555097434925415,61.49055863338306,3
scale_default,Epsilon_Greedy,epsilon=0.15,540,59.12727884608722,2.4595492726242356,56.667729573462985,61.58682811871146,3
scale_default,Epsilon_Greedy,epsilon=0.15,541,59.37117768866807,2.440597078382997,56.93058061028507,61.81177476705107,3
scale_default,Epsilon_Greedy,epsilon=0.15,542,59.49359889525444,2.5098010242672397,56.9837978709872,62.003399919521684,3
scale_default,Epsilon_Greedy,epsilon=0.15,543,59.700690304968475,2.643989873180588,57.05670043178789,62.34468017814906,3
scale_default,Epsilon_Greedy,epsilon=0.15,544,59.86323952422479,2.7086685605268497,57.154570963697935,62.57190808475164,3
scale_default,Epsilon_Greedy,epsilon=0.15,545,60.11445381675488,2.8938748731954402,57.22057894355944,63.008328689950325,3
scale_default,Epsilon_Greedy,epsilon=0.15,546,60.3021389492614,2.8379483877882343,57.46419056147316,63.140087337049636,3
scale_default,Epsilon_Greedy,epsilon=0.15,547,60.706323208662276,3.159493136588576,57.5468300720737,63.86581634525085,3
scale_default,Epsilon_Greedy,epsilon=0.15,548,60.93932094706864,3.229257098647177,57.71006384842146,64.16857804571582,3
scale_default,Epsilon_Greedy,epsilon=0.15,549,61.175408959214316,3.233250656570876,57.94215830264344,64.4086596157852,3
scale_default,Epsilon_Greedy,epsilon=0.15,550,61.33649961296371,3.2241634035832005,58.112336209380516,64.56066301654691,3
scale_default,Epsilon_Greedy,epsilon=0.15,551,61.448045905513766,3.290908244548359,58.157137660965404,64.73895415006213,3
scale_default,Epsilon_Greedy,epsilon=0.15,552,61.621754513065774,3.204453318398408,58.41730119466737,64.82620783146419,3
scale_default,Epsilon_Greedy,epsilon=0.15,553,61.87740108502868,3.27906603165227,58.59833505337641,65.15646711668094,3
scale_default,Epsilon_Greedy,epsilon=0.15,554,62.04022666497758,3.1818881796635754,58.85833848531401,65.22211484464115,3
scale_default,Epsilon_Greedy,epsilon=0.15,555,62.191761814264915,3.220927465760937,58.97083434850398,65.41268928002586,3
scale_default,Epsilon_Greedy,epsilon=0.15,556,62.31702133000235,3.2649084383332014,59.05211289166915,65.58192976833556,3
scale_default,Epsilon_Greedy,epsilon=0.15,557,62.47535416014449,3.3226212293178414,59.15273293082665,65.79797538946234,3
scale_default,Epsilon_Greedy,epsilon=0.15,558,62.66859606217423,3.4347831789642806,59.23381288320995,66.10337924113851,3
scale_default,Epsilon_Greedy,epsilon=0.15,559,62.7899318903576,3.4304653577044175,59.35946653265318,66.22039724806201,3
scale_default,Epsilon_Greedy,epsilon=0.15,560,62.93371004138544,3.4205840005908574,59.51312604079458,66.3542940419763,3
scale_default,Epsilon_Greedy,epsilon=0.15,561,63.07697162232023,3.458886654267208,59.61808496805302,66.53585827658743,3
scale_default,Epsilon_Greedy,epsilon=0.15,562,63.388774147563915,3.6790914030921416,59.70968274447177,67.06786555065605,3
scale_default,Epsilon_Greedy,epsilon=0.15,563,63.59495985563844,3.757705245657463,59.83725460998098,67.35266510129591,3
scale_default,Epsilon_Greedy,epsilon=0.15,564,63.73946435957856,3.7492421233835564,59.99022223619501,67.48870648296212,3
scale_default,Epsilon_Greedy,epsilon=0.15,565,63.914945516306716,3.624021520782371,60.290923995524345,67.5389670370891,3
scale_default,Epsilon_Greedy,epsilon=0.15,566,63.970952151725136,3.6465321215250346,60.3244200302001,67.61748427325017,3
scale_default,Epsilon_Greedy,epsilon=0.15,567,64.27663235137508,3.558116566048868,60.71851578532622,67.83474891742395,3
scale_default,Epsilon_Greedy,epsilon=0.15,568,64.3771322800706,3.598357275039999,60.778775005030596,67.9754895551106,3
scale_default,Epsilon_Greedy,epsilon=0.15,569,64.55273257276336,3.5446674357272667,61.00806513703609,68.09740000849062,3
scale_default,Epsilon_Greedy,epsilon=0.15,570,64.7641017351924,3.5844170649574303,61.17968467023497,68.34851880014983,3
scale_default,Epsilon_Greedy,epsilon=0.15,571,64.96872108986979,3.4405843327645673,61.52813675710522,68.40930542263436,3
scale_default,Epsilon_Greedy,epsilon=0.15,572,65.09468538140935,3.4870671734461163,61.607618207963235,68.58175255485547,3
scale_default,Epsilon_Greedy,epsilon=0.15,573,65.44178363465454,3.346346655671775,62.09543697898277,68.78813029032632,3
scale_default,Epsilon_Greedy,epsilon=0.15,574,65.65612548295033,3.311267328062263,62.344858154888065,68.96739281101259,3
scale_default,Epsilon_Greedy,epsilon=0.15,575,65.76105157609189,3.3924588617063196,62.36859271438557,69.1535104377982,3
scale_default,Epsilon_Greedy,epsilon=0.15,576,65.87099633571472,3.3366506748073697,62.53434566090735,69.2076470105221,3
scale_default,Epsilon_Greedy,epsilon=0.15,577,66.03941934702176,3.368702238695261,62.6707171083265,69.40812158571703,3
scale_default,Epsilon_Greedy,epsilon=0.15,578,66.19226545840796,3.3467943517018375,62.84547110670612,69.53905981010979,3
scale_default,Epsilon_Greedy,epsilon=0.15,579,66.39712450518239,3.114981420824014,63.282143084358374,69.5121059260064,3
scale_default,Epsilon_Greedy,epsilon=0.15,580,66.53876004658747,3.1869070534916304,63.35185299309584,69.72566710007911,3
scale_default,Epsilon_Greedy,epsilon=0.15,581,66.72311612827217,3.158232752650451,63.56488337562172,69.88134888092262,3
scale_default,Epsilon_Greedy,epsilon=0.15,582,66.84060801359992,3.090520909128598,63.75008710447132,69.93112892272852,3
scale_default,Epsilon_Greedy,epsilon=0.15,583,67.01980211364925,3.0495608476290514,63.970241266020196,70.0693629612783,3
scale_default,Epsilon_Greedy,epsilon=0.15,584,67.1349629590751,2.975468750828773,64.15949420824633,70.11043170990386,3
scale_default,Epsilon_Greedy,epsilon=0.15,585,67.28309191297079,2.994551137866506,64.28854077510428,70.2776430508373,3
scale_default,Epsilon_Greedy,epsilon=0.15,586,67.38106262039021,2.99695582869752,64.38410679169269,70.37801844908773,3
scale_default,Epsilon_Greedy,epsilon=0.15,587,67.54654584768679,3.0156361612672806,64.5309096864195,70.56218200895407,3
scale_default,Epsilon_Greedy,epsilon=0.15,588,67.73370454608174,2.9710675525657293,64.76263699351601,70.70477209864747,3
scale_default,Epsilon_Greedy,epsilon=0.15,589,67.76210801520268,2.962805040409343,64.79930297479333,70.72491305561203,3
scale_default,Epsilon_Greedy,epsilon=0.15,590,67.95860978124361,2.9859455981762495,64.97266418306737,70.94455537941985,3
scale_default,Epsilon_Greedy,epsilon=0.15,591,68.13018684295245,3.0187982490672627,65.1113885938852,71.14898509201971,3
scale_default,Epsilon_Greedy,epsilon=0.15,592,68.36165478332987,2.9351125253437127,65.42654225798616,71.29676730867358,3
scale_default,Epsilon_Greedy,epsilon=0.15,593,68.48252909302329,2.9098030708262757,65.57272602219702,71.39233216384956,3
scale_default,Epsilon_Greedy,epsilon=0.15,594,68.7298158318295,2.715207940081719,66.01460789174777,71.44502377191122,3
scale_default,Epsilon_Greedy,epsilon=0.15,595,68.79428049605087,2.7464919178582763,66.0477885781926,71.54077241390915,3
scale_default,Epsilon_Greedy,epsilon=0.15,596,69.04374670441736,2.7856199672775497,66.2581267371398,71.82936667169491,3
scale_default,Epsilon_Greedy,epsilon=0.15,597,69.2704027981994,2.7389596965357783,66.53144310166363,72.00936249473517,3
scale_default,Epsilon_Greedy,epsilon=0.15,598,69.49702900489203,2.8760672052195857,66.62096179967244,72.37309621011161,3
scale_default,Epsilon_Greedy,epsilon=0.15,599,69.64773391563463,2.9449908137755147,66.70274310185911,72.59272472941015,3
